Program;Program EN;Degree;Plan;Version;Total Hours;Level;Code;Course Name;English Name;Hours;Type;Category
الأنظمة;Law/Regulations;بكالوريوس;قديمة;38;130;1;2001105-2;المدخل لدراسة الفقه الاسلامي;Introduction to Islamic Jurisprudence;2;نظري;إجبارية القسم
الأنظمة;Law/Regulations;بكالوريوس;قديمة;38;130;1;2003111-3;مبادئ القانون;Principles of Law;3;نظري;إجبارية القسم
الأنظمة;Law/Regulations;بكالوريوس;قديمة;38;130;1;2003112-2;النظام الدستوري;;2;نظري;إجبارية القسم
الأنظمة;Law/Regulations;بكالوريوس;قديمة;38;130;1;2003221-2;علم الإجرام والعقاب;Criminology and Punishment;2;نظري;إجبارية القسم
الأنظمة;Law/Regulations;بكالوريوس;قديمة;38;130;1;2003225-2;المنظمات الدولية;;2;نظري;إجبارية القسم
الأنظمة;Law/Regulations;بكالوريوس;قديمة;38;130;1;990211-2;مهارات اللغة العربية;;2;نظري;متطلبات جامعية
الأنظمة;Law/Regulations;بكالوريوس;قديمة;38;130;1;990311-2;المهارات الجامعية;;2;نظري;متطلبات جامعية
الأنظمة;Law/Regulations;بكالوريوس;قديمة;38;130;1;999801-2;اللغة الانجليزية للأغراض الأكاديمية (1);;2;نظري;متطلبات جامعية
الأنظمة;Law/Regulations;بكالوريوس;قديمة;38;130;2;2001113-2;أصول الفقه (1);;2;نظري;إجبارية القسم
الأنظمة;Law/Regulations;بكالوريوس;قديمة;38;130;2;2003210-3;مصادر الالتزام;;3;نظري;إجبارية القسم
الأنظمة;Law/Regulations;بكالوريوس;قديمة;38;130;2;2003231-3;القانون التجاري;Commercial Law;3;نظري;إجبارية القسم
الأنظمة;Law/Regulations;بكالوريوس;قديمة;38;130;2;2003243-3;القانون الإداري;Administrative Law;3;نظري;إجبارية القسم
الأنظمة;Law/Regulations;بكالوريوس;قديمة;38;130;2;2004111-2;أصول الثقافة الاسلامية;;2;نظري;إجبارية القسم
الأنظمة;Law/Regulations;بكالوريوس;قديمة;38;130;2;105115-2;تاريخ المملكة;;2;نظري;متطلبات جامعية
الأنظمة;Law/Regulations;بكالوريوس;قديمة;38;130;2;999802-2;اللغة الإنجليزية للأغراض الأكاديمية (2);;2;نظري;متطلبات جامعية
الأنظمة;Law/Regulations;بكالوريوس;قديمة;38;130;3;2001328-2;القواعد الفقهية;;2;نظري;إجبارية القسم
الأنظمة;Law/Regulations;بكالوريوس;قديمة;38;130;3;2001330-2;أصول الفقه (2);;2;نظري;إجبارية القسم
الأنظمة;Law/Regulations;بكالوريوس;قديمة;38;130;3;2003215-2;حقوق الانسان;;2;نظري;إجبارية القسم
الأنظمة;Law/Regulations;بكالوريوس;قديمة;38;130;3;2003216-2;المحاماة وأخلاقيات المهنة;;2;نظري;إجبارية القسم
الأنظمة;Law/Regulations;بكالوريوس;قديمة;38;130;3;2003313-3;أحكام الالتزام;Obligation Rules;3;نظري;إجبارية القسم
الأنظمة;Law/Regulations;بكالوريوس;قديمة;38;130;3;2004112-2;الثقافة الاسلامية (الأخلاق والقيم);Islamic Culture (Ethics & Values);2;نظري;إجبارية القسم
الأنظمة;Law/Regulations;بكالوريوس;قديمة;38;130;3;999803-2;اللغة الإنجليزية للأغراض الأكاديمية (3);;2;نظري;متطلبات جامعية
الأنظمة;Law/Regulations;بكالوريوس;قديمة;38;130;4;2003222-3;النظام الجزائي العام;General Criminal Law;3;نظري;إجبارية القسم
الأنظمة;Law/Regulations;بكالوريوس;قديمة;38;130;4;2003226-3;القانون الدولي العام;Public International Law;3;نظري;إجبارية القسم
الأنظمة;Law/Regulations;بكالوريوس;قديمة;38;130;4;2003315-3;العقود المدنية;Civil Contracts;3;نظري;إجبارية القسم
الأنظمة;Law/Regulations;بكالوريوس;قديمة;38;130;4;2003321-3;الأوراق التجارية والإفلاس;Commercial Papers & Bankruptcy;3;نظري;إجبارية القسم
الأنظمة;Law/Regulations;بكالوريوس;قديمة;38;130;4;2003352-2;وسائل الإثبات;;2;نظري;إجبارية القسم
الأنظمة;Law/Regulations;بكالوريوس;قديمة;38;130;4;999804-2;اللغة الانجليزية للأغراض الاكاديمية (4);;2;نظري;متطلبات جامعية
الأنظمة;Law/Regulations;بكالوريوس;قديمة;38;130;5;2001318-3;فقه الجنايات;Jurisprudence of Criminal Law;3;نظري;إجبارية القسم
الأنظمة;Law/Regulations;بكالوريوس;قديمة;38;130;5;2001327-3;فقه الأحوال الشخصية;Personal Status Jurisprudence;3;نظري;إجبارية القسم
الأنظمة;Law/Regulations;بكالوريوس;قديمة;38;130;5;2003381-3;القضاء الاداري;;3;نظري;إجبارية القسم
الأنظمة;Law/Regulations;بكالوريوس;قديمة;38;130;5;2003433-3;العقود التجارية وعمليات البنوك;;3;نظري;إجبارية القسم
الأنظمة;Law/Regulations;بكالوريوس;قديمة;38;130;5;2003441-3;الحقوق العينية;;3;نظري;إجبارية القسم
الأنظمة;Law/Regulations;بكالوريوس;قديمة;38;130;6;2001220-3;فقه المعاملات;Jurisprudence of Transactions;3;نظري;إجبارية القسم
الأنظمة;Law/Regulations;بكالوريوس;قديمة;38;130;6;2003114-2;اساسيات البحث القانوني;Legal Research Basics;2;نظري;إجبارية القسم
الأنظمة;Law/Regulations;بكالوريوس;قديمة;38;130;6;2003255-3;الملكية الفكرية;Intellectual Property;2;نظري;إجبارية القسم
الأنظمة;Law/Regulations;بكالوريوس;قديمة;38;130;6;2003323-3;النظام الجزائي الخاص;Special Criminal Law;3;نظري;إجبارية القسم
الأنظمة;Law/Regulations;بكالوريوس;قديمة;38;130;6;2003426-2;العقود الإدارية;;2;نظري;إجبارية القسم
الأنظمة;Law/Regulations;بكالوريوس;قديمة;38;130;6;2004313-2;ثقافة إسلامية (3);;2;نظري;إجبارية القسم
الأنظمة;Law/Regulations;بكالوريوس;قديمة;38;130;6;2003329-2;ماده اختياريه للقسم;;2;نظري;اختيارية القسم
الأنظمة;Law/Regulations;بكالوريوس;قديمة;38;130;7;2001401-2;المواريث والوصايا;;2;نظري;إجبارية القسم
الأنظمة;Law/Regulations;بكالوريوس;قديمة;38;130;7;2003417-3;نظام العمل والتأمينات الاجتماعية;;3;نظري;إجبارية القسم
الأنظمة;Law/Regulations;بكالوريوس;قديمة;38;130;7;2003453-3;نظام المرافعات;Litigation System;3;نظري;إجبارية القسم
الأنظمة;Law/Regulations;بكالوريوس;قديمة;38;130;7;2004414-2;ثقافة إسلامية (4);;2;نظري;إجبارية القسم
الأنظمة;Law/Regulations;بكالوريوس;قديمة;38;130;7;20034101-3;القانون البحري والجوي;;3;نظري;إجبارية القسم
الأنظمة;Law/Regulations;بكالوريوس;قديمة;38;130;7;2003402-2;ماده اختياريه للقسم;;2;نظري;اختيارية القسم
الأنظمة;Law/Regulations;بكالوريوس;قديمة;38;130;8;2003404-2;تدريبات قانونية;;2;نظري;إجبارية القسم
الأنظمة;Law/Regulations;بكالوريوس;قديمة;38;130;8;2003442-3;النظام الدولي الخاص;;3;نظري;إجبارية القسم
الأنظمة;Law/Regulations;بكالوريوس;قديمة;38;130;8;2003456-2;نظام التحكيم;;2;نظري;إجبارية القسم
الأنظمة;Law/Regulations;بكالوريوس;قديمة;38;130;8;2003489-3;الإجراءات الجزائية;;3;نظري;إجبارية القسم
الأنظمة;Law/Regulations;بكالوريوس;قديمة;38;130;8;2003492-3;إجراءات التنفيذ القضائي;Judicial Execution Procedures;3;نظري;إجبارية القسم
الأنظمة;Law/Regulations;بكالوريوس;قديمة;38;130;8;2003403-2;ماده اختياريه للقسم;;2;نظري;اختيارية القسم
الأنظمة;Law/Regulations;بكالوريوس;قديمة;38;130;8;990113-2;الثقافة الصحية;;2;نظري;متطلبات جامعية
الأنظمة;Law/Regulations;بكالوريوس;قديمة;38;130;8;990312-2;الابتكار وريادة الأعمال;;2;نظري;متطلبات جامعية
الأنظمة;Law/Regulations;بكالوريوس;قديمة;38;130;8;990411-2;مبادئ البرمجة;;2;نظري;متطلبات جامعية
الأنظمة;Law/Regulations;بكالوريوس;قديمة;38;130;8;990412-2;المواطنة الرقمية;;2;نظري;متطلبات جامعية
الأنظمة;Law/Regulations;بكالوريوس;قديمة;38;130;8;990413-2;السيرة النبوية;;2;نظري;متطلبات جامعية
الأنظمة;Law/Regulations;بكالوريوس;قديمة;38;130;8;990415-2;تلاوة وتجويد;;2;نظري;متطلبات جامعية
الأنظمة;Law/Regulations;بكالوريوس;قديمة;38;130;8;990416-2;الإعلام والمجتمع;;2;نظري;متطلبات جامعية
الأنظمة;Law/Regulations;بكالوريوس;قديمة;38;130;8;990417-2;الخدمة المجتمعية;;2;نظري;متطلبات جامعية
الشريعة;Sharia;بكالوريوس;قديمة;39;174;1;2001108-2;التوحيد العملي;;2;نظري;إجبارية القسم
الشريعة;Sharia;بكالوريوس;قديمة;39;174;1;2001110-2;المقدمات الأصولية;Fundamentalist Introduction;2;نظري;إجبارية القسم
الشريعة;Sharia;بكالوريوس;قديمة;39;174;1;2001115-4;الفقه (1);Al Fiqh 1;4;نظري;إجبارية القسم
الشريعة;Sharia;بكالوريوس;قديمة;39;174;1;2001193-2;علوم الحديث(1);;2;نظري;إجبارية القسم
الشريعة;Sharia;بكالوريوس;قديمة;39;174;1;2001260-2;المدخل لدراسة الشريعة;;2;نظري;إجبارية القسم
الشريعة;Sharia;بكالوريوس;قديمة;39;174;1;2002128-1;القرآن الكريم (1);;1;نظري;إجبارية القسم
الشريعة;Sharia;بكالوريوس;قديمة;39;174;1;2002230-2;علوم قرآن;;2;نظري;إجبارية القسم
الشريعة;Sharia;بكالوريوس;قديمة;39;174;1;103171-2;التحرير العربي;;2;نظري;متطلبات جامعية
الشريعة;Sharia;بكالوريوس;قديمة;39;174;1;990311-2;المهارات الجامعية;;2;نظري;متطلبات جامعية
الشريعة;Sharia;بكالوريوس;قديمة;39;174;1;999801-2;اللغة الانجليزية للأغراض الأكاديمية (1);;2;نظري;متطلبات جامعية
الشريعة;Sharia;بكالوريوس;قديمة;39;174;2;2001107-2;التوحيد العلمي;;2;نظري;إجبارية القسم
الشريعة;Sharia;بكالوريوس;قديمة;39;174;2;2001116-4;الفقه (2);Al Fiqh 2;4;نظري;إجبارية القسم
الشريعة;Sharia;بكالوريوس;قديمة;39;174;2;2001126-2;فقه تاريخ عصر الراشدين;Jurisprudence of Rashidun Era;2;نظري;إجبارية القسم
الشريعة;Sharia;بكالوريوس;قديمة;39;174;2;2001127-2;الحكم الشرعي والتكليف;Sharia Judgment & Commission;2;نظري;إجبارية القسم
الشريعة;Sharia;بكالوريوس;قديمة;39;174;2;2001192-2;علوم الحديث ٢;;2;نظري;إجبارية القسم
الشريعة;Sharia;بكالوريوس;قديمة;39;174;2;2001281-2;فقه السيرة النبوية;;2;نظري;إجبارية القسم
الشريعة;Sharia;بكالوريوس;قديمة;39;174;2;2002129-1;القرآن الكريم (2);;1;نظري;إجبارية القسم
الشريعة;Sharia;بكالوريوس;قديمة;39;174;2;2002241-2;تفسير آيات الحكام (1);;2;نظري;إجبارية القسم
الشريعة;Sharia;بكالوريوس;قديمة;39;174;2;2004111-2;أصول الثقافة الاسلامية;;2;نظري;إجبارية القسم
الشريعة;Sharia;بكالوريوس;قديمة;39;174;2;999813-2;اللغة الإنجليزية للأغراض الأكاديمية ٢;;2;نظري;متطلبات جامعية
الشريعة;Sharia;بكالوريوس;قديمة;39;174;3;2001210-2;النبوات والمعاد;;2;نظري;إجبارية القسم
الشريعة;Sharia;بكالوريوس;قديمة;39;174;3;2001215-4;الفقه (3);Al Fiqh 3;4;نظري;إجبارية القسم
الشريعة;Sharia;بكالوريوس;قديمة;39;174;3;2001219-3;أدلة الحكام الشرعية (1);;3;نظري;إجبارية القسم
الشريعة;Sharia;بكالوريوس;قديمة;39;174;3;2001231-2;أحاديث الحكام (1);;2;نظري;إجبارية القسم
الشريعة;Sharia;بكالوريوس;قديمة;39;174;3;2001482-2;قاعة بحث;;2;نظري;إجبارية القسم
الشريعة;Sharia;بكالوريوس;قديمة;39;174;3;2002211-1;القرآن الكريم (3);;1;نظري;إجبارية القسم
الشريعة;Sharia;بكالوريوس;قديمة;39;174;3;2002242-2;تفسير آيات الحكام (2);;2;نظري;إجبارية القسم
الشريعة;Sharia;بكالوريوس;قديمة;39;174;3;2004112-2;الثقافة الاسلامية (الأخلاق والقيم);Islamic Culture (Ethics & Values);2;نظري;إجبارية القسم
الشريعة;Sharia;بكالوريوس;قديمة;39;174;3;103281-2;النحو (1);;2;نظري;متطلبات جامعية
الشريعة;Sharia;بكالوريوس;قديمة;39;174;3;105115-2;تاريخ المملكة;;2;نظري;متطلبات جامعية
الشريعة;Sharia;بكالوريوس;قديمة;39;174;4;2001216-4;الفقه (4);Al Fiqh 4;4;نظري;إجبارية القسم
الشريعة;Sharia;بكالوريوس;قديمة;39;174;4;2001217-4;أدلة الحكام الشرعية (2);;4;نظري;إجبارية القسم
الشريعة;Sharia;بكالوريوس;قديمة;39;174;4;2001225-2;الفقه المقارن;Comparative Jurisprudence;2;نظري;إجبارية القسم
الشريعة;Sharia;بكالوريوس;قديمة;39;174;4;2001332-2;أحاديث الحكام (2);;2;نظري;إجبارية القسم
الشريعة;Sharia;بكالوريوس;قديمة;39;174;4;2002221-1;القرآن الكريم (4);;1;نظري;إجبارية القسم
الشريعة;Sharia;بكالوريوس;قديمة;39;174;4;2002250-2;أصول التفسير ومناهجه;Foundations of Exegesis;2;نظري;إجبارية القسم
الشريعة;Sharia;بكالوريوس;قديمة;39;174;4;2002343-2;تفسير آيات الحكام (3);;2;نظري;إجبارية القسم
الشريعة;Sharia;بكالوريوس;قديمة;39;174;4;103282-2;النحو (2);;2;نظري;متطلبات جامعية
الشريعة;Sharia;بكالوريوس;قديمة;39;174;5;2001310-2;السياسة الشرعية;Sharia Policy;2;نظري;إجبارية القسم
الشريعة;Sharia;بكالوريوس;قديمة;39;174;5;2001311-4;الفقه (5);Al Fiqh 5;4;نظري;إجبارية القسم
الشريعة;Sharia;بكالوريوس;قديمة;39;174;5;2001312-2;الإيمان والقدر;;2;نظري;إجبارية القسم
الشريعة;Sharia;بكالوريوس;قديمة;39;174;5;2001319-3;دالالت اللفاظ (1);;3;نظري;إجبارية القسم
الشريعة;Sharia;بكالوريوس;قديمة;39;174;5;2001351-3;علم المواريث 1;Inheritance Science 1;3;نظري;إجبارية القسم
الشريعة;Sharia;بكالوريوس;قديمة;39;174;5;2002311-1;القرآن الكريم (5);;1;نظري;إجبارية القسم
الشريعة;Sharia;بكالوريوس;قديمة;39;174;5;103213-3;النحو (3);;3;نظري;متطلبات جامعية
الشريعة;Sharia;بكالوريوس;قديمة;39;174;6;200332-1;نظام المرافعات الشرعية;;1;نظري;إجبارية القسم
الشريعة;Sharia;بكالوريوس;قديمة;39;174;6;2001280-2;أصول الدعوة والحسبة;;2;نظري;إجبارية القسم
الشريعة;Sharia;بكالوريوس;قديمة;39;174;6;2001301-2;تدوين السنة;;2;نظري;إجبارية القسم
الشريعة;Sharia;بكالوريوس;قديمة;39;174;6;2001321-4;الفقه (6);;4;نظري;إجبارية القسم
الشريعة;Sharia;بكالوريوس;قديمة;39;174;6;2001326-2;دلالات الألفاظ (2);;2;نظري;إجبارية القسم
الشريعة;Sharia;بكالوريوس;قديمة;39;174;6;2001352-2;علم المواريث (2);;2;نظري;إجبارية القسم
الشريعة;Sharia;بكالوريوس;قديمة;39;174;6;2001476-2;الأديان والفرق;;2;نظري;إجبارية القسم
الشريعة;Sharia;بكالوريوس;قديمة;39;174;6;2002312-1;القرآن الكريم (6);;1;نظري;إجبارية القسم
الشريعة;Sharia;بكالوريوس;قديمة;39;174;6;2003328-1;نظام الإجراءات الجزائية;;1;نظري;إجبارية القسم
الشريعة;Sharia;بكالوريوس;قديمة;39;174;6;103349-2;النحو (4);;2;نظري;متطلبات جامعية
الشريعة;Sharia;بكالوريوس;قديمة;39;174;7;2001411-4;الفقه (7);;4;نظري;إجبارية القسم
الشريعة;Sharia;بكالوريوس;قديمة;39;174;7;2001413-2;تخريج الفروع على الأصول;;2;نظري;إجبارية القسم
الشريعة;Sharia;بكالوريوس;قديمة;39;174;7;2001414-4;القياس;;4;نظري;إجبارية القسم
الشريعة;Sharia;بكالوريوس;قديمة;39;174;7;2001419-2;القواعد الفقهية (1);;2;نظري;إجبارية القسم
الشريعة;Sharia;بكالوريوس;قديمة;39;174;7;2001493-2;تخريج ودراسة الأسانيد;;2;نظري;إجبارية القسم
الشريعة;Sharia;بكالوريوس;قديمة;39;174;7;2002411-1;القرآن الكريم (7);;1;نظري;إجبارية القسم
الشريعة;Sharia;بكالوريوس;قديمة;39;174;7;2003230-2;مبادئ القانون التجاري;;2;نظري;إجبارية القسم
الشريعة;Sharia;بكالوريوس;قديمة;39;174;7;2003410-2;النظام القضائي في المملكة;;2;نظري;إجبارية القسم
الشريعة;Sharia;بكالوريوس;قديمة;39;174;7;2004414-2;ثقافة إسلامية (4);;2;نظري;إجبارية القسم
الشريعة;Sharia;بكالوريوس;قديمة;39;174;7;103141-2;البلاغة;;2;نظري;متطلبات جامعية
الشريعة;Sharia;بكالوريوس;قديمة;39;174;7;1034101-2;البلاغة;;2;نظري;متطلبات جامعية
الشريعة;Sharia;بكالوريوس;قديمة;39;174;8;2001148-2;الخلاف والمناظرة;Disagreement & Argumentation;2;نظري;إجبارية القسم
الشريعة;Sharia;بكالوريوس;قديمة;39;174;8;2001346-2;مقاصد الشريعة;;2;نظري;إجبارية القسم
الشريعة;Sharia;بكالوريوس;قديمة;39;174;8;2001375-2;مذاهب فكرية معاصرة;;2;نظري;إجبارية القسم
الشريعة;Sharia;بكالوريوس;قديمة;39;174;8;2001383-2;الاقتصاد الإسالمي;;2;نظري;إجبارية القسم
الشريعة;Sharia;بكالوريوس;قديمة;39;174;8;2001420-2;التدريبات العملية;;2;نظري;إجبارية القسم
الشريعة;Sharia;بكالوريوس;قديمة;39;174;8;2001421-4;الفقه (8);;4;نظري;إجبارية القسم
الشريعة;Sharia;بكالوريوس;قديمة;39;174;8;2001425-2;القواعد الفقهية (2);;2;نظري;إجبارية القسم
الشريعة;Sharia;بكالوريوس;قديمة;39;174;8;2001433-2;الاجتهاد والتعارض والترجيح;;2;نظري;إجبارية القسم
الشريعة;Sharia;بكالوريوس;قديمة;39;174;8;2001465-2;فقه النوازل;;2;نظري;إجبارية القسم
الشريعة;Sharia;بكالوريوس;قديمة;39;174;8;2002421-1;القرآن الكريم (8);;1;نظري;إجبارية القسم
الشريعة;Sharia;بكالوريوس;قديمة;39;174;8;990113-2;الثقافة الصحية;;2;نظري;متطلبات جامعية
الشريعة;Sharia;بكالوريوس;قديمة;39;174;8;990312-2;الابتكار وريادة الأعمال;;2;نظري;متطلبات جامعية
الشريعة;Sharia;بكالوريوس;قديمة;39;174;8;990411-2;مبادئ البرمجة;;2;نظري;متطلبات جامعية
الشريعة;Sharia;بكالوريوس;قديمة;39;174;8;990412-2;المواطنة الرقمية;;2;نظري;متطلبات جامعية
الشريعة;Sharia;بكالوريوس;قديمة;39;174;8;990413-2;السيرة النبوية;;2;نظري;متطلبات جامعية
الشريعة;Sharia;بكالوريوس;قديمة;39;174;8;990415-2;تلاوة وتجويد;;2;نظري;متطلبات جامعية
الشريعة;Sharia;بكالوريوس;قديمة;39;174;8;990416-2;الإعلام والمجتمع;;2;نظري;متطلبات جامعية
الشريعة;Sharia;بكالوريوس;قديمة;39;174;8;990417-2;الخدمة المجتمعية;;2;نظري;متطلبات جامعية
الدراسات القرآنية;Quranic Studies;دكتوراه;جديدة;1;60;1;2002705-3;التفسير المقارن;Comparative Tafsir;3;نظري;إجبارية القسم
الدراسات القرآنية;Quranic Studies;دكتوراه;جديدة;1;60;1;2002706-3;النقد والتجديد في الدراسات القرآنية;Criticism and Renewal in Quranic Studies;3;نظري;إجبارية القسم
الدراسات القرآنية;Quranic Studies;دكتوراه;جديدة;1;60;1;2002707-3;دراسات في نسخ التفسير وأسانيده;Studies in Tafsir Manuscripts;3;نظري;إجبارية القسم
الدراسات القرآنية;Quranic Studies;دكتوراه;جديدة;1;60;1;2002708-3;دراسات في حواشي التفسير;Studies in Tafsir Margins;3;نظري;إجبارية القسم
الدراسات القرآنية;Quranic Studies;دكتوراه;جديدة;1;60;2;20029999-0;الاختبار الشامل;PhD Comprehensive Exam;0;اختبار;إجبارية القسم
الدراسات القرآنية;Quranic Studies;دكتوراه;جديدة;1;60;3;2002709-48;الرسالة;Thesis;48;بحث;إجبارية القسم
الدراسات القرآنية;Quranic Readings;دكتوراه;جديدة;1;60;1;2002700-4;فرش القراءات العشر الكبرى;Detailed Analysis of Ten Major Readings;4;نظري;إجبارية القسم
الدراسات القرآنية;Quranic Readings;دكتوراه;جديدة;1;60;1;2002701-4;عرض القراءات العشر الكبرى;Presentation of Ten Major Readings;4;نظري;إجبارية القسم
الدراسات القرآنية;Quranic Readings;دكتوراه;جديدة;1;60;1;2002702-2;دراسات في القراءات الشاذة وتوجيهها;Studies in Irregular Readings;2;نظري;إجبارية القسم
الدراسات القرآنية;Quranic Readings;دكتوراه;جديدة;1;60;1;2002703-2;دراسات في طبقات القراء وأسانيدهم;Studies in Levels of Readers;2;نظري;إجبارية القسم
الدراسات القرآنية;Quranic Readings;دكتوراه;جديدة;1;60;2;20029999-0;الاختبار الشامل;PhD Comprehensive Exam;0;اختبار;إجبارية القسم
الدراسات القرآنية;Quranic Readings;دكتوراه;جديدة;1;60;3;2002704-48;الرسالة;Thesis;48;بحث;إجبارية القسم
الدراسات القرآنية المعاصرة;Contemporary Quranic Studies;ماجستير;جديدة;1;34;1;2002851-4;أصول التفسير;Foundation of Exegesis;4;نظري;إجبارية القسم
الدراسات القرآنية المعاصرة;Contemporary Quranic Studies;ماجستير;جديدة;1;34;1;2002852-2;تاريخ التفسير;History of Exegesis;2;نظري;إجبارية القسم
الدراسات القرآنية المعاصرة;Contemporary Quranic Studies;ماجستير;جديدة;1;34;1;2002853-2;دراسات في علوم القرآن;Quranic Studies;2;نظري;إجبارية القسم
الدراسات القرآنية المعاصرة;Contemporary Quranic Studies;ماجستير;جديدة;1;34;1;2002854-2;علم القراءات دراية;Concept of Quranic Recitation;2;نظري;إجبارية القسم
الدراسات القرآنية المعاصرة;Contemporary Quranic Studies;ماجستير;جديدة;1;34;1;2002855-2;مصادر الدراسات القرآنية;Resources of Quranic Studies;2;نظري;إجبارية القسم
الدراسات القرآنية المعاصرة;Contemporary Quranic Studies;ماجستير;جديدة;1;34;2;2002861-4;التفسير التحليلي;Analytic Exegesis;4;نظري;إجبارية القسم
الدراسات القرآنية المعاصرة;Contemporary Quranic Studies;ماجستير;جديدة;1;34;2;2002862-2;الدراسات القرآنية عند المستشرقين;Quranic Studies by Orientalists;2;نظري;إجبارية القسم
الدراسات القرآنية المعاصرة;Contemporary Quranic Studies;ماجستير;جديدة;1;34;2;2002863-2;منهج البحث والتحقيق;Research Methodology;2;نظري;إجبارية القسم
الدراسات القرآنية المعاصرة;Contemporary Quranic Studies;ماجستير;جديدة;1;34;2;2002864-2;دراسات في مناهج المفسرين;Studies in Curricula of Exegetes;2;نظري;إجبارية القسم
الدراسات القرآنية المعاصرة;Contemporary Quranic Studies;ماجستير;جديدة;1;34;3;2002871-2;التفسير الموضوعي;Thematic Exegesis;2;نظري;إجبارية القسم
الدراسات القرآنية المعاصرة;Contemporary Quranic Studies;ماجستير;جديدة;1;34;3;2002872-2;النظريات الحداثية في القرآن;Modernist Theories in Quran;2;نظري;إجبارية القسم
الدراسات القرآنية المعاصرة;Contemporary Quranic Studies;ماجستير;جديدة;1;34;3;2002873-2;دراسات في إعجاز القرآن;Studies in Miracle of Quran;2;نظري;إجبارية القسم
الدراسات القرآنية المعاصرة;Contemporary Quranic Studies;ماجستير;جديدة;1;34;3;2002874-2;دراسات في لغة القرآن;Studies in Language of Quran;2;نظري;إجبارية القسم
الدراسات القرآنية المعاصرة;Contemporary Quranic Studies;ماجستير;جديدة;1;34;4;2002888-4;مشروع بحثي;Project Research;4;بحث;إجبارية القسم
القراءات;Quranic Readings;ماجستير;جديدة;1;36;1;2002801-8;القراءات العشر الكبرى (1);Ten Major Quranic Readings 1;8;نظري;إجبارية القسم
القراءات;Quranic Readings;ماجستير;جديدة;1;36;1;2002802-2;علم القراءات دراية;Concept of Quranic Recitation;2;نظري;إجبارية القسم
القراءات;Quranic Readings;ماجستير;جديدة;1;36;1;2002803-2;دراسات في توجيه القراءات;Justification of Quranic Recitation;2;نظري;إجبارية القسم
القراءات;Quranic Readings;ماجستير;جديدة;1;36;2;2002811-8;القراءات العشر الكبرى (2);Ten Major Quranic Readings 2;8;نظري;إجبارية القسم
القراءات;Quranic Readings;ماجستير;جديدة;1;36;2;2002812-2;دراسات في المصاحف القرآنية;Studies in Quranic Manuscripts;2;نظري;إجبارية القسم
القراءات;Quranic Readings;ماجستير;جديدة;1;36;2;2002813-2;منهج البحث والتحقيق;Research Methodology;2;نظري;إجبارية القسم
القراءات;Quranic Readings;ماجستير;جديدة;1;36;3;2002821-8;القراءات العشر الكبرى (3);Ten Major Quranic Readings 3;8;نظري;إجبارية القسم
القراءات;Quranic Readings;ماجستير;جديدة;1;36;4;2002831-4;مشروع بحثي;Project Research;4;بحث;إجبارية القسم
الدراسات الإسلامية;Islamic Studies;بكالوريوس;قديمة;39;146;1;2002131-2;علوم القرآن (1);;2;نظري;إجبارية القسم
الدراسات الإسلامية;Islamic Studies;بكالوريوس;قديمة;39;146;1;2002250-2;أصول التفسير ومناهجه;Foundations of Exegesis;2;نظري;إجبارية القسم
الدراسات الإسلامية;Islamic Studies;بكالوريوس;قديمة;39;146;1;20021105-2;قرآن كريم حفظ وتلاوة (1);;2;نظري;إجبارية القسم
الدراسات الإسلامية;Islamic Studies;بكالوريوس;قديمة;39;146;1;20041102-2;علوم الحديث (1);Al Hadith 1;2;نظري;إجبارية القسم
الدراسات الإسلامية;Islamic Studies;بكالوريوس;قديمة;39;146;1;20041103-2;مقدمات علم العقيده (1);;2;نظري;إجبارية القسم
الدراسات الإسلامية;Islamic Studies;بكالوريوس;قديمة;39;146;1;20041104-2;المدخل للشريعه والفقه الاسلامي (1);;2;نظري;إجبارية القسم
الدراسات الإسلامية;Islamic Studies;بكالوريوس;قديمة;39;146;1;103171-2;التحرير العربي;;2;نظري;متطلبات جامعية
الدراسات الإسلامية;Islamic Studies;بكالوريوس;قديمة;39;146;1;990311-2;المهارات الجامعية;;2;نظري;متطلبات جامعية
الدراسات الإسلامية;Islamic Studies;بكالوريوس;قديمة;39;146;1;999812-2;اللغة الانجليزية للأغراض الأكاديمية (1);;2;نظري;متطلبات جامعية
الدراسات الإسلامية;Islamic Studies;بكالوريوس;قديمة;39;146;2;2004111-2;أصول الثقافة الاسلامية;;2;نظري;إجبارية القسم
الدراسات الإسلامية;Islamic Studies;بكالوريوس;قديمة;39;146;2;20021201-2;قرآن كريم حفظ وتلاوة (2);;2;نظري;إجبارية القسم
الدراسات الإسلامية;Islamic Studies;بكالوريوس;قديمة;39;146;2;20041201-2;التجويد;;2;نظري;إجبارية القسم
الدراسات الإسلامية;Islamic Studies;بكالوريوس;قديمة;39;146;2;20041203-2;التفسير التحليلي (1);;2;نظري;إجبارية القسم
الدراسات الإسلامية;Islamic Studies;بكالوريوس;قديمة;39;146;2;20041204-2;حديث (1);;2;نظري;إجبارية القسم
الدراسات الإسلامية;Islamic Studies;بكالوريوس;قديمة;39;146;2;20041205-2;الفقه (1);;2;نظري;إجبارية القسم
الدراسات الإسلامية;Islamic Studies;بكالوريوس;قديمة;39;146;2;20041206-2;العقيدة (1);;2;نظري;إجبارية القسم
الدراسات الإسلامية;Islamic Studies;بكالوريوس;قديمة;39;146;2;103281-2;النحو (1);;2;نظري;متطلبات جامعية
الدراسات الإسلامية;Islamic Studies;بكالوريوس;قديمة;39;146;2;999813-2;اللغة الإنجليزية للأغراض الأكاديمية ٢;;2;نظري;متطلبات جامعية
الدراسات الإسلامية;Islamic Studies;بكالوريوس;قديمة;39;146;3;2003220-2;المدخل لدراسة الأنظمة;;2;نظري;إجبارية القسم
الدراسات الإسلامية;Islamic Studies;بكالوريوس;قديمة;39;146;3;2004112-2;الثقافة الاسلامية (الأخلاق والقيم);Islamic Culture (Ethics & Values);2;نظري;إجبارية القسم
الدراسات الإسلامية;Islamic Studies;بكالوريوس;قديمة;39;146;3;20022103-2;قرآن كريم حفظ وتلاوة (3);;2;نظري;إجبارية القسم
الدراسات الإسلامية;Islamic Studies;بكالوريوس;قديمة;39;146;3;20042102-2;الفقه (2);;2;نظري;إجبارية القسم
الدراسات الإسلامية;Islamic Studies;بكالوريوس;قديمة;39;146;3;20042104-2;علوم القرآن (2);;2;نظري;إجبارية القسم
الدراسات الإسلامية;Islamic Studies;بكالوريوس;قديمة;39;146;3;20042105-2;العقيدة (2);;2;نظري;إجبارية القسم
الدراسات الإسلامية;Islamic Studies;بكالوريوس;قديمة;39;146;3;20042106-2;أصول فقه (1);;2;نظري;إجبارية القسم
الدراسات الإسلامية;Islamic Studies;بكالوريوس;قديمة;39;146;3;20042107-2;علوم الحديث (2);;2;نظري;إجبارية القسم
الدراسات الإسلامية;Islamic Studies;بكالوريوس;قديمة;39;146;4;20022203-2;قرآن كريم حفظ وتلاوة (4);;2;نظري;إجبارية القسم
الدراسات الإسلامية;Islamic Studies;بكالوريوس;قديمة;39;146;4;20042201-2;أحاديث أحكام (1);;2;نظري;إجبارية القسم
الدراسات الإسلامية;Islamic Studies;بكالوريوس;قديمة;39;146;4;20042202-2;التفسير التحليلي (2);;2;نظري;إجبارية القسم
الدراسات الإسلامية;Islamic Studies;بكالوريوس;قديمة;39;146;4;20042203-2;العقيدة (3);;2;نظري;إجبارية القسم
الدراسات الإسلامية;Islamic Studies;بكالوريوس;قديمة;39;146;4;20042204-2;الفقه (3);;2;نظري;إجبارية القسم
الدراسات الإسلامية;Islamic Studies;بكالوريوس;قديمة;39;146;4;20042205-2;حديث (2);;2;نظري;إجبارية القسم
الدراسات الإسلامية;Islamic Studies;بكالوريوس;قديمة;39;146;4;20042206-2;الدعوة والحسبة;;2;نظري;إجبارية القسم
الدراسات الإسلامية;Islamic Studies;بكالوريوس;قديمة;39;146;4;103282-2;النحو (2);;2;نظري;متطلبات جامعية
الدراسات الإسلامية;Islamic Studies;بكالوريوس;قديمة;39;146;4;105115-2;تاريخ المملكة;;2;نظري;متطلبات جامعية
الدراسات الإسلامية;Islamic Studies;بكالوريوس;قديمة;39;146;5;2002310-2;قرآن كريم حفظ وتلاوة (5);;2;نظري;إجبارية القسم
الدراسات الإسلامية;Islamic Studies;بكالوريوس;قديمة;39;146;5;20043101-2;التفسير الموضوعي;;2;نظري;إجبارية القسم
الدراسات الإسلامية;Islamic Studies;بكالوريوس;قديمة;39;146;5;20043102-2;العقيدة (4);;2;نظري;إجبارية القسم
الدراسات الإسلامية;Islamic Studies;بكالوريوس;قديمة;39;146;5;20043103-2;الاديان;;2;نظري;إجبارية القسم
الدراسات الإسلامية;Islamic Studies;بكالوريوس;قديمة;39;146;5;20043104-2;الفقه (4);;2;نظري;إجبارية القسم
الدراسات الإسلامية;Islamic Studies;بكالوريوس;قديمة;39;146;5;20043105-2;الفقه المقارن;;2;نظري;إجبارية القسم
الدراسات الإسلامية;Islamic Studies;بكالوريوس;قديمة;39;146;5;20043106-2;اصول الفقه (2);;2;نظري;إجبارية القسم
الدراسات الإسلامية;Islamic Studies;بكالوريوس;قديمة;39;146;5;20043107-2;حديث (3);;2;نظري;إجبارية القسم
الدراسات الإسلامية;Islamic Studies;بكالوريوس;قديمة;39;146;5;20043108-2;علم المواريث (1);;2;نظري;إجبارية القسم
الدراسات الإسلامية;Islamic Studies;بكالوريوس;قديمة;39;146;6;2004313-2;ثقافة إسلامية (3);;2;نظري;إجبارية القسم
الدراسات الإسلامية;Islamic Studies;بكالوريوس;قديمة;39;146;6;20023203-2;قرآن كريم حفظ وتلاوة (6);;2;نظري;إجبارية القسم
الدراسات الإسلامية;Islamic Studies;بكالوريوس;قديمة;39;146;6;20043201-2;العقيدة (5);;2;نظري;إجبارية القسم
الدراسات الإسلامية;Islamic Studies;بكالوريوس;قديمة;39;146;6;20043202-2;القواعد الفقهية;;2;نظري;إجبارية القسم
الدراسات الإسلامية;Islamic Studies;بكالوريوس;قديمة;39;146;6;20043203-2;أحدايث احكام (2);;2;نظري;إجبارية القسم
الدراسات الإسلامية;Islamic Studies;بكالوريوس;قديمة;39;146;6;20043204-2;الفقه (5);;2;نظري;إجبارية القسم
الدراسات الإسلامية;Islamic Studies;بكالوريوس;قديمة;39;146;6;20043205-2;التفسير التحليلي (3);;2;نظري;إجبارية القسم
الدراسات الإسلامية;Islamic Studies;بكالوريوس;قديمة;39;146;6;20043206-2;تخريج الحديث;;2;نظري;إجبارية القسم
الدراسات الإسلامية;Islamic Studies;بكالوريوس;قديمة;39;146;6;103245-2;النحو (3);;2;نظري;متطلبات جامعية
الدراسات الإسلامية;Islamic Studies;بكالوريوس;قديمة;39;146;7;2004414-2;ثقافة إسلامية (4);;2;نظري;إجبارية القسم
الدراسات الإسلامية;Islamic Studies;بكالوريوس;قديمة;39;146;7;20024103-2;قرآن كريم حفظ وتلاوة (7);;2;نظري;إجبارية القسم
الدراسات الإسلامية;Islamic Studies;بكالوريوس;قديمة;39;146;7;20044101-2;أصول فقه (3);;2;نظري;إجبارية القسم
الدراسات الإسلامية;Islamic Studies;بكالوريوس;قديمة;39;146;7;20044102-2;العقيدة (6);;2;نظري;إجبارية القسم
الدراسات الإسلامية;Islamic Studies;بكالوريوس;قديمة;39;146;7;20044103-2;مناهج البحث;;2;نظري;إجبارية القسم
الدراسات الإسلامية;Islamic Studies;بكالوريوس;قديمة;39;146;7;20044104-2;دراسة اسانيد;;2;نظري;إجبارية القسم
الدراسات الإسلامية;Islamic Studies;بكالوريوس;قديمة;39;146;7;20044105-2;الفقه (6);;2;نظري;إجبارية القسم
الدراسات الإسلامية;Islamic Studies;بكالوريوس;قديمة;39;146;7;20044106-2;فقه النوازل والمعاملات المصرفية;;2;نظري;إجبارية القسم
الدراسات الإسلامية;Islamic Studies;بكالوريوس;قديمة;39;146;7;20044107-2;حديث (4);;2;نظري;إجبارية القسم
الدراسات الإسلامية;Islamic Studies;بكالوريوس;قديمة;39;146;8;20024203-2;قرآن كريم حفظ وتلاوة (8);;2;نظري;إجبارية القسم
الدراسات الإسلامية;Islamic Studies;بكالوريوس;قديمة;39;146;8;20044201-2;الفقه (7);;2;نظري;إجبارية القسم
الدراسات الإسلامية;Islamic Studies;بكالوريوس;قديمة;39;146;8;20044202-2;بحث التخرج;;2;نظري;إجبارية القسم
الدراسات الإسلامية;Islamic Studies;بكالوريوس;قديمة;39;146;8;20044203-2;التفسير التحليلي (4);;2;نظري;إجبارية القسم
الدراسات الإسلامية;Islamic Studies;بكالوريوس;قديمة;39;146;8;20044204-2;المذاهب والتيارات المعاصرة;;2;نظري;إجبارية القسم
الدراسات الإسلامية;Islamic Studies;بكالوريوس;قديمة;39;146;8;20044205-2;الفرق;;2;نظري;إجبارية القسم
الدراسات الإسلامية;Islamic Studies;بكالوريوس;قديمة;39;146;8;20044206-2;علم المواريث (2);;2;نظري;إجبارية القسم
الدراسات الإسلامية;Islamic Studies;بكالوريوس;قديمة;39;146;8;20044207-2;السيرة النبوية;;2;نظري;إجبارية القسم
الدراسات الإسلامية;Islamic Studies;بكالوريوس;قديمة;39;146;8;20044208-2;أحاديث أحكام (3);;2;نظري;إجبارية القسم
الدراسات الإسلامية;Islamic Studies;بكالوريوس;قديمة;39;146;8;990113-2;الثقافة الصحية;;2;نظري;متطلبات جامعية
الدراسات الإسلامية;Islamic Studies;بكالوريوس;قديمة;39;146;8;990312-2;الابتكار وريادة الأعمال;;2;نظري;متطلبات جامعية
الدراسات الإسلامية;Islamic Studies;بكالوريوس;قديمة;39;146;8;990411-2;مبادئ البرمجة;;2;نظري;متطلبات جامعية
الدراسات الإسلامية;Islamic Studies;بكالوريوس;قديمة;39;146;8;990412-2;المواطنة الرقمية;;2;نظري;متطلبات جامعية
الدراسات الإسلامية;Islamic Studies;بكالوريوس;قديمة;39;146;8;990416-2;الإعلام والمجتمع;;2;نظري;متطلبات جامعية
الدراسات الإسلامية;Islamic Studies;بكالوريوس;قديمة;39;146;8;990417-2;الخدمة المجتمعية;;2;نظري;متطلبات جامعية
القراءات;Qiraat;بكالوريوس;قديمة;38;148;1;2001106-2;السيرة النبوية;;2;نظري;إجبارية القسم
القراءات;Qiraat;بكالوريوس;قديمة;38;148;1;2002102-4;أصول القراءات السبع (1);;4;نظري;إجبارية القسم
القراءات;Qiraat;بكالوريوس;قديمة;38;148;1;2002103-2;التجويد (1);;2;نظري;إجبارية القسم
القراءات;Qiraat;بكالوريوس;قديمة;38;148;1;2002104-2;آداب حملة القرآن;;2;نظري;إجبارية القسم
القراءات;Qiraat;بكالوريوس;قديمة;38;148;1;2002110-2;مدخل إلى علوم القراءات;;2;نظري;إجبارية القسم
القراءات;Qiraat;بكالوريوس;قديمة;38;148;1;2002131-2;علوم القرآن (1);;2;نظري;إجبارية القسم
القراءات;Qiraat;بكالوريوس;قديمة;38;148;1;990311-2;المهارات الجامعية;;2;نظري;متطلبات جامعية
القراءات;Qiraat;بكالوريوس;قديمة;38;148;1;999801-2;اللغة الانجليزية للأغراض الأكاديمية (1);;2;نظري;متطلبات جامعية
القراءات;Qiraat;بكالوريوس;قديمة;38;148;2;2001101-2;مصطلح الحديث;;2;نظري;إجبارية القسم
القراءات;Qiraat;بكالوريوس;قديمة;38;148;2;2002105-4;أصول القراءات السبع (2);;4;نظري;إجبارية القسم
القراءات;Qiraat;بكالوريوس;قديمة;38;148;2;2002106-2;التجويد (2);;2;نظري;إجبارية القسم
القراءات;Qiraat;بكالوريوس;قديمة;38;148;2;2002232-2;علوم القرآن (2);;2;نظري;إجبارية القسم
القراءات;Qiraat;بكالوريوس;قديمة;38;148;2;2002250-2;أصول التفسير ومناهجه;Foundations of Exegesis;2;نظري;إجبارية القسم
القراءات;Qiraat;بكالوريوس;قديمة;38;148;2;2004111-2;أصول الثقافة الاسلامية;;2;نظري;إجبارية القسم
القراءات;Qiraat;بكالوريوس;قديمة;38;148;2;103171-2;التحرير العربي;;2;نظري;متطلبات جامعية
القراءات;Qiraat;بكالوريوس;قديمة;38;148;2;103281-2;النحو (1);;2;نظري;متطلبات جامعية
القراءات;Qiraat;بكالوريوس;قديمة;38;148;2;105115-2;تاريخ المملكة;;2;نظري;متطلبات جامعية
القراءات;Qiraat;بكالوريوس;قديمة;38;148;2;999813-2;اللغة الإنجليزية للأغراض الأكاديمية ٢;;2;نظري;متطلبات جامعية
القراءات;Qiraat;بكالوريوس;قديمة;38;148;3;2001205-2;الحديث (1);;2;نظري;إجبارية القسم
القراءات;Qiraat;بكالوريوس;قديمة;38;148;3;2001221-2;الفقة (1);;2;نظري;إجبارية القسم
القراءات;Qiraat;بكالوريوس;قديمة;38;148;3;2001273-2;العقيدة (1);;2;نظري;إجبارية القسم
القراءات;Qiraat;بكالوريوس;قديمة;38;148;3;2002201-2;فرش القراءات السبع (1);;2;نظري;إجبارية القسم
القراءات;Qiraat;بكالوريوس;قديمة;38;148;3;2002203-4;عرض القراءات السبع (1);;4;نظري;إجبارية القسم
القراءات;Qiraat;بكالوريوس;قديمة;38;148;3;2002204-2;التفسير (1);;2;نظري;إجبارية القسم
القراءات;Qiraat;بكالوريوس;قديمة;38;148;3;2004112-2;الثقافة الاسلامية (الأخلاق والقيم);Islamic Culture (Ethics & Values);2;نظري;إجبارية القسم
القراءات;Qiraat;بكالوريوس;قديمة;38;148;3;103282-2;النحو (2);;2;نظري;متطلبات جامعية
القراءات;Qiraat;بكالوريوس;قديمة;38;148;4;2001209-2;الحديث (2);;2;نظري;إجبارية القسم
القراءات;Qiraat;بكالوريوس;قديمة;38;148;4;2001245-2;العقيدة (2);;2;نظري;إجبارية القسم
القراءات;Qiraat;بكالوريوس;قديمة;38;148;4;2001322-2;الفقه (2);;2;نظري;إجبارية القسم
القراءات;Qiraat;بكالوريوس;قديمة;38;148;4;2002206-2;فرش القراءات السبع (2);;2;نظري;إجبارية القسم
القراءات;Qiraat;بكالوريوس;قديمة;38;148;4;2002207-4;عرض القراءات السبع (2);;4;نظري;إجبارية القسم
القراءات;Qiraat;بكالوريوس;قديمة;38;148;4;2002208-2;التفسير (2);;2;نظري;إجبارية القسم
القراءات;Qiraat;بكالوريوس;قديمة;38;148;4;103245-2;النحو (3);;2;نظري;متطلبات جامعية
القراءات;Qiraat;بكالوريوس;قديمة;38;148;5;200230-2;فرش القراءات السبع (3);;2;نظري;إجبارية القسم
القراءات;Qiraat;بكالوريوس;قديمة;38;148;5;2001445-2;أصول الفقه;;2;نظري;إجبارية القسم
القراءات;Qiraat;بكالوريوس;قديمة;38;148;5;2002302-4;عرض القراءات السبع (3);;4;نظري;إجبارية القسم
القراءات;Qiraat;بكالوريوس;قديمة;38;148;5;2002305-2;رسم المصحف (1);;2;نظري;إجبارية القسم
القراءات;Qiraat;بكالوريوس;قديمة;38;148;5;2002306-2;التفسير (3);;2;نظري;إجبارية القسم
القراءات;Qiraat;بكالوريوس;قديمة;38;148;5;2002503-2;توجيه القراءات;;2;نظري;إجبارية القسم
القراءات;Qiraat;بكالوريوس;قديمة;38;148;5;103349-2;النحو (4);;2;نظري;متطلبات جامعية
القراءات;Qiraat;بكالوريوس;قديمة;38;148;6;2001320-2;الحديث (3);;2;نظري;إجبارية القسم
القراءات;Qiraat;بكالوريوس;قديمة;38;148;6;2001340-2;التخريج;;2;نظري;إجبارية القسم
القراءات;Qiraat;بكالوريوس;قديمة;38;148;6;2001373-2;العقيدة (3);;2;نظري;إجبارية القسم
القراءات;Qiraat;بكالوريوس;قديمة;38;148;6;2002307-2;فرش القراءات السبع (4);;2;نظري;إجبارية القسم
القراءات;Qiraat;بكالوريوس;قديمة;38;148;6;2002308-4;عرض القراءات السبع (4);;4;نظري;إجبارية القسم
القراءات;Qiraat;بكالوريوس;قديمة;38;148;6;2002309-2;رسم المصحف (2);;2;نظري;إجبارية القسم
القراءات;Qiraat;بكالوريوس;قديمة;38;148;6;2002454-2;التفسير الموضوعي;;2;نظري;إجبارية القسم
القراءات;Qiraat;بكالوريوس;قديمة;38;148;6;2004313-2;ثقافة إسلامية (3);;2;نظري;إجبارية القسم
القراءات;Qiraat;بكالوريوس;قديمة;38;148;7;2001403-2;المعاصرة الأديان والفرق والمذاهب;;2;نظري;إجبارية القسم
القراءات;Qiraat;بكالوريوس;قديمة;38;148;7;2002401-2;القراءات الثالث (1);;2;نظري;إجبارية القسم
القراءات;Qiraat;بكالوريوس;قديمة;38;148;7;2002402-4;عرض القراءات الثالث (1);;4;نظري;إجبارية القسم
القراءات;Qiraat;بكالوريوس;قديمة;38;148;7;2002405-2;مناهج البحث;;2;نظري;إجبارية القسم
القراءات;Qiraat;بكالوريوس;قديمة;38;148;7;2002406-2;التقنيات الحديثة في الدراسات القرآنية;;2;نظري;إجبارية القسم
القراءات;Qiraat;بكالوريوس;قديمة;38;148;7;2002425-2;علم الضبط;;2;نظري;إجبارية القسم
القراءات;Qiraat;بكالوريوس;قديمة;38;148;7;2004414-2;ثقافة إسلامية (4);;2;نظري;إجبارية القسم
القراءات;Qiraat;بكالوريوس;قديمة;38;148;8;2001474-2;العقيدة (4);;2;نظري;إجبارية القسم
القراءات;Qiraat;بكالوريوس;قديمة;38;148;8;2002407-2;القراءات الثالث (2);;2;نظري;إجبارية القسم
القراءات;Qiraat;بكالوريوس;قديمة;38;148;8;2002408-4;عرض القراءات الثالث (2);;4;نظري;إجبارية القسم
القراءات;Qiraat;بكالوريوس;قديمة;38;148;8;2002409-2;علم عد الآي;;2;نظري;إجبارية القسم
القراءات;Qiraat;بكالوريوس;قديمة;38;148;8;2002410-2;الانتصار للقرآن;;2;نظري;إجبارية القسم
القراءات;Qiraat;بكالوريوس;قديمة;38;148;8;2002412-2;قاعة بحث قراءات;;2;نظري;إجبارية القسم
القراءات;Qiraat;بكالوريوس;قديمة;38;148;8;2002456-2;إعجاز القرآن الكريم;;2;نظري;إجبارية القسم
القراءات;Qiraat;بكالوريوس;قديمة;38;148;8;990113-2;الثقافة الصحية;;2;نظري;متطلبات جامعية
القراءات;Qiraat;بكالوريوس;قديمة;38;148;8;990312-2;الابتكار وريادة الأعمال;;2;نظري;متطلبات جامعية
القراءات;Qiraat;بكالوريوس;قديمة;38;148;8;990411-2;مبادئ البرمجة;;2;نظري;متطلبات جامعية
القراءات;Qiraat;بكالوريوس;قديمة;38;148;8;990412-2;المواطنة الرقمية;;2;نظري;متطلبات جامعية
القراءات;Qiraat;بكالوريوس;قديمة;38;148;8;990413-2;السيرة النبوية;;2;نظري;متطلبات جامعية
القراءات;Qiraat;بكالوريوس;قديمة;38;148;8;990415-2;تلاوة وتجويد;;2;نظري;متطلبات جامعية
القراءات;Qiraat;بكالوريوس;قديمة;38;148;8;990416-2;الإعلام والمجتمع;;2;نظري;متطلبات جامعية
القراءات;Qiraat;بكالوريوس;قديمة;38;148;8;990417-2;الخدمة المجتمعية;;2;نظري;متطلبات جامعية
القرآن وعلومه;Quran and its Sciences;بكالوريوس;قديمة;39;150;1;2001106-2;السيرة النبوية;;2;نظري;إجبارية القسم
القرآن وعلومه;Quran and its Sciences;بكالوريوس;قديمة;39;150;1;2001160-2;المدخل لدراسة الشريعة;;2;نظري;إجبارية القسم
القرآن وعلومه;Quran and its Sciences;بكالوريوس;قديمة;39;150;1;2002110-2;مدخل إلى علوم القراءات;;2;نظري;إجبارية القسم
القرآن وعلومه;Quran and its Sciences;بكالوريوس;قديمة;39;150;1;2002114-2;تلاوة وحفظ (1);;2;نظري;إجبارية القسم
القرآن وعلومه;Quran and its Sciences;بكالوريوس;قديمة;39;150;1;2002115-2;التجويد (1);;2;نظري;إجبارية القسم
القرآن وعلومه;Quran and its Sciences;بكالوريوس;قديمة;39;150;1;2002116-2;آداب حملة القرآن;;2;نظري;إجبارية القسم
القرآن وعلومه;Quran and its Sciences;بكالوريوس;قديمة;39;150;1;2002117-2;تاريخ التفسير;;2;نظري;إجبارية القسم
القرآن وعلومه;Quran and its Sciences;بكالوريوس;قديمة;39;150;1;2002131-2;علوم القرآن (1);;2;نظري;إجبارية القسم
القرآن وعلومه;Quran and its Sciences;بكالوريوس;قديمة;39;150;1;103171-2;التحرير العربي;;2;نظري;متطلبات جامعية
القرآن وعلومه;Quran and its Sciences;بكالوريوس;قديمة;39;150;1;990311-2;المهارات الجامعية;;2;نظري;متطلبات جامعية
القرآن وعلومه;Quran and its Sciences;بكالوريوس;قديمة;39;150;1;999812-2;اللغة الانجليزية للأغراض الأكاديمية (1);;2;نظري;متطلبات جامعية
القرآن وعلومه;Quran and its Sciences;بكالوريوس;قديمة;39;150;2;2001101-2;مصطلح الحديث;;2;نظري;إجبارية القسم
القرآن وعلومه;Quran and its Sciences;بكالوريوس;قديمة;39;150;2;2002124-2;تلاوة وحفظ (2);;2;نظري;إجبارية القسم
القرآن وعلومه;Quran and its Sciences;بكالوريوس;قديمة;39;150;2;2002125-2;التجويد (2);;2;نظري;إجبارية القسم
القرآن وعلومه;Quran and its Sciences;بكالوريوس;قديمة;39;150;2;2002204-2;التفسير (1);;2;نظري;إجبارية القسم
القرآن وعلومه;Quran and its Sciences;بكالوريوس;قديمة;39;150;2;2002232-2;علوم القرآن (2);;2;نظري;إجبارية القسم
القرآن وعلومه;Quran and its Sciences;بكالوريوس;قديمة;39;150;2;2002250-2;أصول التفسير ومناهجه;Foundations of Exegesis;2;نظري;إجبارية القسم
القرآن وعلومه;Quran and its Sciences;بكالوريوس;قديمة;39;150;2;2004111-2;أصول الثقافة الاسلامية;;2;نظري;إجبارية القسم
القرآن وعلومه;Quran and its Sciences;بكالوريوس;قديمة;39;150;2;103281-2;النحو (1);;2;نظري;متطلبات جامعية
القرآن وعلومه;Quran and its Sciences;بكالوريوس;قديمة;39;150;2;105115-2;تاريخ المملكة;;2;نظري;متطلبات جامعية
القرآن وعلومه;Quran and its Sciences;بكالوريوس;قديمة;39;150;2;999813-2;اللغة الإنجليزية للأغراض الأكاديمية ٢;;2;نظري;متطلبات جامعية
القرآن وعلومه;Quran and its Sciences;بكالوريوس;قديمة;39;150;3;101221-2;الفقه (1);;2;نظري;إجبارية القسم
القرآن وعلومه;Quran and its Sciences;بكالوريوس;قديمة;39;150;3;2001171-2;العقيدة (1);;2;نظري;إجبارية القسم
القرآن وعلومه;Quran and its Sciences;بكالوريوس;قديمة;39;150;3;2001205-2;الحديث (1);;2;نظري;إجبارية القسم
القرآن وعلومه;Quran and its Sciences;بكالوريوس;قديمة;39;150;3;2002208-2;التفسير (2);;2;نظري;إجبارية القسم
القرآن وعلومه;Quran and its Sciences;بكالوريوس;قديمة;39;150;3;2002212-2;قواعد التفسير;;2;نظري;إجبارية القسم
القرآن وعلومه;Quran and its Sciences;بكالوريوس;قديمة;39;150;3;2002215-2;تلاوة وحفظ (3);;2;نظري;إجبارية القسم
القرآن وعلومه;Quran and its Sciences;بكالوريوس;قديمة;39;150;3;2002333-2;علوم القرآن (3);;2;نظري;إجبارية القسم
القرآن وعلومه;Quran and its Sciences;بكالوريوس;قديمة;39;150;3;2004112-2;الثقافة الاسلامية (الأخلاق والقيم);Islamic Culture (Ethics & Values);2;نظري;إجبارية القسم
القرآن وعلومه;Quran and its Sciences;بكالوريوس;قديمة;39;150;3;103282-2;النحو (2);;2;نظري;متطلبات جامعية
القرآن وعلومه;Quran and its Sciences;بكالوريوس;قديمة;39;150;4;200230-2;فرش القراءات السبع (3);;2;نظري;إجبارية القسم
القرآن وعلومه;Quran and its Sciences;بكالوريوس;قديمة;39;150;4;2001209-2;الحديث (2);;2;نظري;إجبارية القسم
القرآن وعلومه;Quran and its Sciences;بكالوريوس;قديمة;39;150;4;2001245-2;العقيدة (2);;2;نظري;إجبارية القسم
القرآن وعلومه;Quran and its Sciences;بكالوريوس;قديمة;39;150;4;2001322-2;الفقه (2);;2;نظري;إجبارية القسم
القرآن وعلومه;Quran and its Sciences;بكالوريوس;قديمة;39;150;4;2002222-2;مناهج المفسرين;;2;نظري;إجبارية القسم
القرآن وعلومه;Quran and its Sciences;بكالوريوس;قديمة;39;150;4;2002223-2;علوم القرآن (4);;2;نظري;إجبارية القسم
القرآن وعلومه;Quran and its Sciences;بكالوريوس;قديمة;39;150;4;2002224-2;تلاوة وحفظ (4);;2;نظري;إجبارية القسم
القرآن وعلومه;Quran and its Sciences;بكالوريوس;قديمة;39;150;4;2003220-2;المدخل لدراسة الأنظمة;;2;نظري;إجبارية القسم
القرآن وعلومه;Quran and its Sciences;بكالوريوس;قديمة;39;150;4;103245-2;النحو (3);;2;نظري;متطلبات جامعية
القرآن وعلومه;Quran and its Sciences;بكالوريوس;قديمة;39;150;5;2001113-2;أصول الفقه (1);;2;نظري;إجبارية القسم
القرآن وعلومه;Quran and its Sciences;بكالوريوس;قديمة;39;150;5;2001317-2;الفقه (3);;2;نظري;إجبارية القسم
القرآن وعلومه;Quran and its Sciences;بكالوريوس;قديمة;39;150;5;2002240-2;تفسير آيات الأحكام;;2;نظري;إجبارية القسم
القرآن وعلومه;Quran and its Sciences;بكالوريوس;قديمة;39;150;5;2002313-2;علوم قرآن (5);;2;نظري;إجبارية القسم
القرآن وعلومه;Quran and its Sciences;بكالوريوس;قديمة;39;150;5;2002314-2;تلاوة وحفظ (5);;2;نظري;إجبارية القسم
القرآن وعلومه;Quran and its Sciences;بكالوريوس;قديمة;39;150;5;2002317-2;التفسير (4);;2;نظري;إجبارية القسم
القرآن وعلومه;Quran and its Sciences;بكالوريوس;قديمة;39;150;5;2002318-2;توجيه القراءات;;2;نظري;إجبارية القسم
القرآن وعلومه;Quran and its Sciences;بكالوريوس;قديمة;39;150;5;103349-2;النحو (4);;2;نظري;متطلبات جامعية
القرآن وعلومه;Quran and its Sciences;بكالوريوس;قديمة;39;150;6;2001320-2;الحديث (3);;2;نظري;إجبارية القسم
القرآن وعلومه;Quran and its Sciences;بكالوريوس;قديمة;39;150;6;2001330-2;أصول الفقه (2);;2;نظري;إجبارية القسم
القرآن وعلومه;Quran and its Sciences;بكالوريوس;قديمة;39;150;6;2001340-2;التخريج;;2;نظري;إجبارية القسم
القرآن وعلومه;Quran and its Sciences;بكالوريوس;قديمة;39;150;6;2001373-2;العقيدة (3);;2;نظري;إجبارية القسم
القرآن وعلومه;Quran and its Sciences;بكالوريوس;قديمة;39;150;6;2002325-2;تلاوة وحفظ (6);;2;نظري;إجبارية القسم
القرآن وعلومه;Quran and its Sciences;بكالوريوس;قديمة;39;150;6;2002326-2;علوم القرآن (6);;2;نظري;إجبارية القسم
القرآن وعلومه;Quran and its Sciences;بكالوريوس;قديمة;39;150;6;2002327-2;التفسير (5);;2;نظري;إجبارية القسم
القرآن وعلومه;Quran and its Sciences;بكالوريوس;قديمة;39;150;6;2002454-2;التفسير الموضوعي;;2;نظري;إجبارية القسم
القرآن وعلومه;Quran and its Sciences;بكالوريوس;قديمة;39;150;7;2001403-2;المعاصرة الأديان والفرق والمذاهب;;2;نظري;إجبارية القسم
القرآن وعلومه;Quran and its Sciences;بكالوريوس;قديمة;39;150;7;2002413-2;التفسير (6);;2;نظري;إجبارية القسم
القرآن وعلومه;Quran and its Sciences;بكالوريوس;قديمة;39;150;7;2002414-2;تلاوة وحفظ (7);;2;نظري;إجبارية القسم
القرآن وعلومه;Quran and its Sciences;بكالوريوس;قديمة;39;150;7;2002415-2;القراءات القرآنية;;2;نظري;إجبارية القسم
القرآن وعلومه;Quran and its Sciences;بكالوريوس;قديمة;39;150;7;2002416-2;التقنيات الحديثة في الدراسات القرآنية;;2;نظري;إجبارية القسم
القرآن وعلومه;Quran and its Sciences;بكالوريوس;قديمة;39;150;7;2002419-2;مناهج البحث;;2;نظري;إجبارية القسم
القرآن وعلومه;Quran and its Sciences;بكالوريوس;قديمة;39;150;7;2004414-2;ثقافة إسلامية (4);;2;نظري;إجبارية القسم
القرآن وعلومه;Quran and its Sciences;بكالوريوس;قديمة;39;150;7;103411-2;الصرف;;2;نظري;متطلبات جامعية
القرآن وعلومه;Quran and its Sciences;بكالوريوس;قديمة;39;150;7;103412-2;البلاغة (1);;2;نظري;متطلبات جامعية
القرآن وعلومه;Quran and its Sciences;بكالوريوس;قديمة;39;150;8;200245-2;إعجاز القرآن الكريم;;2;نظري;إجبارية القسم
القرآن وعلومه;Quran and its Sciences;بكالوريوس;قديمة;39;150;8;2001424-2;الفقة (4);;2;نظري;إجبارية القسم
القرآن وعلومه;Quran and its Sciences;بكالوريوس;قديمة;39;150;8;2001474-2;العقيدة (4);;2;نظري;إجبارية القسم
القرآن وعلومه;Quran and its Sciences;بكالوريوس;قديمة;39;150;8;2002412-2;قاعة بحث قراءات;;2;نظري;إجبارية القسم
القرآن وعلومه;Quran and its Sciences;بكالوريوس;قديمة;39;150;8;2002420-2;تلاوة وحفظ (8);;2;نظري;إجبارية القسم
القرآن وعلومه;Quran and its Sciences;بكالوريوس;قديمة;39;150;8;2002427-2;التفسير (8);;2;نظري;إجبارية القسم
القرآن وعلومه;Quran and its Sciences;بكالوريوس;قديمة;39;150;8;2002429-2;الانتصار للقرآن;;2;نظري;إجبارية القسم
القرآن وعلومه;Quran and its Sciences;بكالوريوس;قديمة;39;150;8;103422-2;البلاغة (2);;2;نظري;متطلبات جامعية
القرآن وعلومه;Quran and its Sciences;بكالوريوس;قديمة;39;150;8;990113-2;الثقافة الصحية;;2;نظري;متطلبات جامعية
القرآن وعلومه;Quran and its Sciences;بكالوريوس;قديمة;39;150;8;990312-2;الابتكار وريادة الأعمال;;2;نظري;متطلبات جامعية
القرآن وعلومه;Quran and its Sciences;بكالوريوس;قديمة;39;150;8;990411-2;مبادئ البرمجة;;2;نظري;متطلبات جامعية
القرآن وعلومه;Quran and its Sciences;بكالوريوس;قديمة;39;150;8;990412-2;المواطنة الرقمية;;2;نظري;متطلبات جامعية
القرآن وعلومه;Quran and its Sciences;بكالوريوس;قديمة;39;150;8;990413-2;السيرة النبوية;;2;نظري;متطلبات جامعية
القرآن وعلومه;Quran and its Sciences;بكالوريوس;قديمة;39;150;8;990415-2;تلاوة وتجويد;;2;نظري;متطلبات جامعية
القرآن وعلومه;Quran and its Sciences;بكالوريوس;قديمة;39;150;8;990416-2;الإعلام والمجتمع;;2;نظري;متطلبات جامعية
القرآن وعلومه;Quran and its Sciences;بكالوريوس;قديمة;39;150;8;990417-2;الخدمة المجتمعية;;2;نظري;متطلبات جامعية
الأنظمة;Law/Regulations;بكالوريوس;جديدة;47;142;1;2001112-2;المدخل لدراسة الفقه;;2;نظري;متطلبات الكلية
الأنظمة;Law/Regulations;بكالوريوس;جديدة;47;142;1;2002252-2;علوم القران العامة;;2;نظري;متطلبات الكلية
الأنظمة;Law/Regulations;بكالوريوس;جديدة;47;142;3;2004258-2;دراسات في السيرة النبوية;;2;نظري;متطلبات الكلية
الأنظمة;Law/Regulations;بكالوريوس;جديدة;47;142;1;104999-3;مهارات اللغة الإنجليزية;English language skills;4;نظري;متطلبات جامعية
الأنظمة;Law/Regulations;بكالوريوس;جديدة;47;142;1;20041302-2;الثقافة الإسلامية (العقيدة والشريعة);Islamic culture (faith and Shar (;2;نظري;متطلبات جامعية
الأنظمة;Law/Regulations;بكالوريوس;جديدة;47;142;2;20041303-2;الثقافة الإسلامية (السنة في الإسلام);Islamic Culture (Sunnah in Isla;2;نظري;متطلبات جامعية
الأنظمة;Law/Regulations;بكالوريوس;جديدة;47;142;3;2004313-2;الثقافة الإسلامية (النظام الاجتماعي في الإسلام);lslamic Culture (The social sys;2;نظري;متطلبات جامعية
الأنظمة;Law/Regulations;بكالوريوس;جديدة;47;142;1;2003111-3;مبادي القانون;Basics of Law;3;نظري;إجبارية القسم
الأنظمة;Law/Regulations;بكالوريوس;جديدة;47;142;1;2003114-3;القانون الدستوري;;3;نظري;إجبارية القسم
الأنظمة;Law/Regulations;بكالوريوس;جديدة;47;142;2;2001276-3;حقوق الإنسان;Human Rights;3;نظري;إجبارية القسم
الأنظمة;Law/Regulations;بكالوريوس;جديدة;47;142;2;2003210-3;مصادر الإلتزام;Commitment Sources;3;نظري;إجبارية القسم
الأنظمة;Law/Regulations;بكالوريوس;جديدة;47;142;2;2003243-3;القانون الإداري;Administrative Law;3;نظري;إجبارية القسم
الأنظمة;Law/Regulations;بكالوريوس;جديدة;47;142;3;2003211-3;المنظمات الدولية;International organizations;3;نظري;إجبارية القسم
الأنظمة;Law/Regulations;بكالوريوس;جديدة;47;142;3;2003231-3;القانون التجاري;Commercial Law;3;نظري;إجبارية القسم
الأنظمة;Law/Regulations;بكالوريوس;جديدة;47;142;3;2003313-3;أحكام الإلتزام;Commitment Provisions;3;نظري;إجبارية القسم
الأنظمة;Law/Regulations;بكالوريوس;جديدة;47;142;3;2003433-3;العقود التجارية وعمليات البنوك;Commercial contracts and ban;3;نظري;إجبارية القسم
الأنظمة;Law/Regulations;بكالوريوس;جديدة;47;142;4;20032022-3;علم الإجرام والعقاب;Criminology and Punishment;3;نظري;إجبارية القسم
الأنظمة;Law/Regulations;بكالوريوس;جديدة;47;142;4;2003226-3;القانون الدولي العام;Common International Law;3;نظري;إجبارية القسم
الأنظمة;Law/Regulations;بكالوريوس;جديدة;47;142;4;2003227-3;قانون الإثبات;;3;نظري;إجبارية القسم
الأنظمة;Law/Regulations;بكالوريوس;جديدة;47;142;4;2003228-3;القانون المالي;;3;نظري;إجبارية القسم
الأنظمة;Law/Regulations;بكالوريوس;جديدة;47;142;4;2003229-3;تحليل النصوص القانونية;;3;نظري;إجبارية القسم
الأنظمة;Law/Regulations;بكالوريوس;جديدة;47;142;4;2003321-3;الأوراق التجارية والإفلاس;Commercial paper and bankru;3;نظري;إجبارية القسم
الأنظمة;Law/Regulations;بكالوريوس;جديدة;47;142;5;2003222-3;النظام الجزائي العام;Common Criminal Law;3;نظري;إجبارية القسم
الأنظمة;Law/Regulations;بكالوريوس;جديدة;47;142;5;2003380-3;قانون الشركات والحوكمة;;3;نظري;إجبارية القسم
الأنظمة;Law/Regulations;بكالوريوس;جديدة;47;142;5;2003381-3;القضاء الإداري;Administrative Judiciary;3;نظري;إجبارية القسم
الأنظمة;Law/Regulations;بكالوريوس;جديدة;47;142;5;2003382-4;قانون الأحوال الشخصية;;4;نظري;إجبارية القسم
الأنظمة;Law/Regulations;بكالوريوس;جديدة;47;142;5;2003383-3;المحاماة وأخالقيات المهنة;;3;نظري;إجبارية القسم
الأنظمة;Law/Regulations;بكالوريوس;جديدة;47;142;5;2003441-3;الحقوق العينية;The Rights in Kind;3;نظري;إجبارية القسم
الأنظمة;Law/Regulations;بكالوريوس;جديدة;47;142;6;2003202-2;القانون الدولي الإنساني;;2;نظري;إجبارية القسم
الأنظمة;Law/Regulations;بكالوريوس;جديدة;47;142;6;2003203-3;العقود الإدارية;;3;نظري;إجبارية القسم
الأنظمة;Law/Regulations;بكالوريوس;جديدة;47;142;6;2003204-3;الكتابة القانونية الأكاديمية;;3;نظري;إجبارية القسم
الأنظمة;Law/Regulations;بكالوريوس;جديدة;47;142;6;2003205-3;العقود التجارية الدولية;;3;نظري;إجبارية القسم
الأنظمة;Law/Regulations;بكالوريوس;جديدة;47;142;6;20033201-3;الملكية الفكرية;Intellectual Property;3;نظري;إجبارية القسم
الأنظمة;Law/Regulations;بكالوريوس;جديدة;47;142;6;2003323-3;النظام الجزائي الخاص;The private criminal law;3;نظري;إجبارية القسم
الأنظمة;Law/Regulations;بكالوريوس;جديدة;47;142;7;2003102-3;قانون العمل والتأمينات الاجتماعية;;3;نظري;إجبارية القسم
الأنظمة;Law/Regulations;بكالوريوس;جديدة;47;142;7;2003103-3;الكتابة المهنية القانونية;;3;نظري;إجبارية القسم
الأنظمة;Law/Regulations;بكالوريوس;جديدة;47;142;7;2003104-3;قانون المرافعات;;3;نظري;إجبارية القسم
الأنظمة;Law/Regulations;بكالوريوس;جديدة;47;142;7;2003105-3;القانون الدولي الخاص;;3;نظري;إجبارية القسم
الأنظمة;Law/Regulations;بكالوريوس;جديدة;47;142;7;2003106-3;تدريبات قانونية;;3;تدريب;إجبارية القسم
الأنظمة;Law/Regulations;بكالوريوس;جديدة;47;142;7;20034101-3;القانون البحري والجوي;Maritime and air law;3;نظري;إجبارية القسم
الأنظمة;Law/Regulations;بكالوريوس;جديدة;47;142;8;2003107-3;تدريبات قانونية;;3;تدريب;إجبارية القسم
الأنظمة;Law/Regulations;بكالوريوس;جديدة;47;142;8;2003108-2;قانون التحكيم;;2;نظري;إجبارية القسم
الأنظمة;Law/Regulations;بكالوريوس;جديدة;47;142;8;2003315-3;العقود المدنية;Civil Contracts;3;نظري;إجبارية القسم
الأنظمة;Law/Regulations;بكالوريوس;جديدة;47;142;8;2003489-3;الإجراءات الجزائية;Criminal Procedures;3;نظري;إجبارية القسم
الأنظمة;Law/Regulations;بكالوريوس;جديدة;47;142;8;2003492-3;إجراءات التنفيذ القضائي;Judicial Enforcement Procedur;3;نظري;إجبارية القسم
الأنظمة;Law/Regulations;بكالوريوس;جديدة;47;142;1;105125-2;تاريخ المملكة العربية السعودية;History of the Kingdom of Sa;2;نظري;متطلبات جامعية
الأنظمة;Law/Regulations;بكالوريوس;جديدة;47;142;1;1061120-2;صناعة المحتوى الرقمي;Digital content creation;2;نظري;متطلبات جامعية
الأنظمة;Law/Regulations;بكالوريوس;جديدة;47;142;1;2001114-2;ملامح السيرة النبوية;;2;نظري;متطلبات جامعية
الأنظمة;Law/Regulations;بكالوريوس;جديدة;47;142;1;20031301-2;مبادئ القانون;Basics of Law;2;نظري;متطلبات جامعية
الأنظمة;Law/Regulations;بكالوريوس;جديدة;47;142;1;3051123-2;العمل التطوعي والمسؤولية المجتمعية;Volunteer work and communi;2;نظري;متطلبات جامعية
الأنظمة;Law/Regulations;بكالوريوس;جديدة;47;142;1;44041122-2;التصميم والجرافيك;Design and graphics;2;نظري;متطلبات جامعية
الأنظمة;Law/Regulations;بكالوريوس;جديدة;47;142;1;5011119-2;تطبيقات الذكاء الاصطناعي;Artificial intelligence applicatio;2;نظري;متطلبات جامعية
الأنظمة;Law/Regulations;بكالوريوس;جديدة;47;142;1;5011121-2;البرمجة لغير المختصين;Programming for non-experts;2;نظري;متطلبات جامعية
الأنظمة;Law/Regulations;بكالوريوس;جديدة;47;142;1;5021118-2;مهارات الحاسب الآلي وتقنية المعلومات;Computer and IT skills;2;نظري;متطلبات جامعية
الأنظمة;Law/Regulations;بكالوريوس;جديدة;47;142;2;1031101-2;مهارات اللغة العربية;Arabic language skills;2;نظري;متطلبات جامعية
الأنظمة;Law/Regulations;بكالوريوس;جديدة;47;142;2;1081113-2;تعزيز الصحة النفسية;Promoting mental health;2;نظري;متطلبات جامعية
الأنظمة;Law/Regulations;بكالوريوس;جديدة;47;142;2;20021304-2;القرآن الكريم (تلاوة وتجويد);The Holy Quran (recitation an (;2;نظري;متطلبات جامعية
الأنظمة;Law/Regulations;بكالوريوس;جديدة;47;142;2;2004112-2;الثقافة الإسلامية (الأخلاق والقيم);Islamic Culture (Morals and Va (;2;نظري;متطلبات جامعية
الأنظمة;Law/Regulations;بكالوريوس;جديدة;47;142;2;2011116-2;الثقافة البيئة;Environment Culture;2;نظري;متطلبات جامعية
الأنظمة;Law/Regulations;بكالوريوس;جديدة;47;142;2;2021110-2;المهارات الإحصائية;Statistical skills;2;نظري;متطلبات جامعية
الأنظمة;Law/Regulations;بكالوريوس;جديدة;47;142;2;2061114-2;الثقافة الغذائية;Food culture;2;نظري;متطلبات جامعية
الأنظمة;Law/Regulations;بكالوريوس;جديدة;47;142;2;3051111-2;مهارات الكتابة الأكاديمية;Academic writing skills;2;نظري;متطلبات جامعية
الأنظمة;Law/Regulations;بكالوريوس;جديدة;47;142;2;3171101-2;المهارات الجامعية;University skills;2;نظري;متطلبات جامعية
الأنظمة;Law/Regulations;بكالوريوس;جديدة;47;142;2;3191117-2;اللياقة والثقافة الرياضية;Fitness and sports culture;2;نظري;متطلبات جامعية
الأنظمة;Law/Regulations;بكالوريوس;جديدة;47;142;2;3731115-2;الثقافة الصحية;Health culture;2;نظري;متطلبات جامعية
الأنظمة;Law/Regulations;بكالوريوس;جديدة;47;142;3;6601301-2;مدخل الإدارة;Administration entrance;2;نظري;متطلبات جامعية
الأنظمة;Law/Regulations;بكالوريوس;جديدة;47;142;3;6601401-2;مهارات القيادة;Leadership skills;2;نظري;متطلبات جامعية
الأنظمة;Law/Regulations;بكالوريوس;جديدة;47;142;3;6602302-2;الابتكار وريادة الأعمال;Innovation and Entrepreneurs;2;نظري;متطلبات جامعية
الأنظمة;Law/Regulations;بكالوريوس;جديدة;47;142;3;6602322-2;التجارة الالكترونية;;2;نظري;متطلبات جامعية
الأنظمة;Law/Regulations;بكالوريوس;جديدة;47;142;3;6605320-2;الوعي المالي والادخار;Financial awareness and savin;2;نظري;متطلبات جامعية
الأنظمة;Law/Regulations;بكالوريوس;جديدة;47;142;6;20033201-2;القانون الدبلوماسي والقنصلي;Diplomatic and Consular Law;2;نظري;اختيارية القسم
الأنظمة;Law/Regulations;بكالوريوس;جديدة;47;142;6;20033303-2;قانون اعالي البحار;Law of the High Seas;2;نظري;اختيارية القسم
الأنظمة;Law/Regulations;بكالوريوس;جديدة;47;142;6;2003403-2;القانون الرياضي;Sports law;2;نظري;اختيارية القسم
الأنظمة;Law/Regulations;بكالوريوس;جديدة;47;142;8;2003347-2;نظام البيئة;System environment;2;نظري;اختيارية القسم
الأنظمة;Law/Regulations;بكالوريوس;جديدة;47;142;8;20034201-2;نظام حماية المستهلك;Consumer Protection System;2;نظري;اختيارية القسم
الأنظمة;Law/Regulations;بكالوريوس;جديدة;47;142;8;20034202-2;القانون الصحي;Health Law;2;نظري;اختيارية القسم
الدراسات الإسلامية;Islamic Studies;بكالوريوس;جديدة;47;153;1;104999-3;مهارات اللغة الإنجليزية;English language skills;4;نظري;متطلبات جامعية
الدراسات الإسلامية;Islamic Studies;بكالوريوس;جديدة;47;153;1;20041302-2;الثقافة الإسلامية (العقيدة والشريعة);Islamic culture (faith and Shar (;2;نظري;متطلبات جامعية
الدراسات الإسلامية;Islamic Studies;بكالوريوس;جديدة;47;153;2;20041303-2;الثقافة الإسلامية (السنة في الإسلام);Islamic Culture (Sunnah in Isla;2;نظري;متطلبات جامعية
الدراسات الإسلامية;Islamic Studies;بكالوريوس;جديدة;47;153;3;2004313-2;الثقافة الإسلامية (النظام الاجتماعي في الإسلام);lslamic Culture (The social sys;2;نظري;متطلبات جامعية
الدراسات الإسلامية;Islamic Studies;بكالوريوس;جديدة;47;153;1;103171-2;التحرير العربي;Arab liberation;2;نظري;إجبارية القسم
الدراسات الإسلامية;Islamic Studies;بكالوريوس;جديدة;47;153;1;2001112-2;المدخل لدراسة الفقه;;2;نظري;إجبارية القسم
الدراسات الإسلامية;Islamic Studies;بكالوريوس;جديدة;47;153;1;2002220-2;القرآن الكريم (1);;2;نظري;إجبارية القسم
الدراسات الإسلامية;Islamic Studies;بكالوريوس;جديدة;47;153;1;2002250-2;أصول التفسير ومناهجه;Foundations and Methods of;2;نظري;إجبارية القسم
الدراسات الإسلامية;Islamic Studies;بكالوريوس;جديدة;47;153;1;2002252-2;علوم القران العامة;;2;نظري;إجبارية القسم
الدراسات الإسلامية;Islamic Studies;بكالوريوس;جديدة;47;153;1;20041103-2;مقدمات علم العقيده;Introductions to the Science o;2;نظري;إجبارية القسم
الدراسات الإسلامية;Islamic Studies;بكالوريوس;جديدة;47;153;1;2004252-4;الحديث التحليلي (1);;4;نظري;إجبارية القسم
الدراسات الإسلامية;Islamic Studies;بكالوريوس;جديدة;47;153;2;103281-2;النحو (1);Grammar (1);2;نظري;إجبارية القسم
الدراسات الإسلامية;Islamic Studies;بكالوريوس;جديدة;47;153;2;2001301-3;الفقه (1);;3;نظري;إجبارية القسم
الدراسات الإسلامية;Islamic Studies;بكالوريوس;جديدة;47;153;2;20021202-2;التجويد;The Intonation;2;نظري;إجبارية القسم
الدراسات الإسلامية;Islamic Studies;بكالوريوس;جديدة;47;153;2;2002202-2;القرآن الكريم (2);The Holy Qur'an II;2;نظري;إجبارية القسم
الدراسات الإسلامية;Islamic Studies;بكالوريوس;جديدة;47;153;2;2002210-2;دراسات في علوم القرآن;;2;نظري;إجبارية القسم
الدراسات الإسلامية;Islamic Studies;بكالوريوس;جديدة;47;153;2;20041102-2;علوم الحديث (1);Al Hadith 1 (;2;نظري;إجبارية القسم
الدراسات الإسلامية;Islamic Studies;بكالوريوس;جديدة;47;153;2;2004211-4;العقيدة (1);;4;نظري;إجبارية القسم
الدراسات الإسلامية;Islamic Studies;بكالوريوس;جديدة;47;153;3;2001302-3;الفقه (2);;3;نظري;إجبارية القسم
الدراسات الإسلامية;Islamic Studies;بكالوريوس;جديدة;47;153;3;20021203-2;التفسير التحليلي (1);Analytical Interpretation (1) (;2;نظري;إجبارية القسم
الدراسات الإسلامية;Islamic Studies;بكالوريوس;جديدة;47;153;3;2002225-2;القرآن الكريم (3);;2;نظري;إجبارية القسم
الدراسات الإسلامية;Islamic Studies;بكالوريوس;جديدة;47;153;3;20042107-2;علوم الحديث (2);Al Hadith Sciences 2 (;2;نظري;إجبارية القسم
الدراسات الإسلامية;Islamic Studies;بكالوريوس;جديدة;47;153;3;20042111-2;العقيدة (2);Islamic Creed (4) (;2;نظري;إجبارية القسم
الدراسات الإسلامية;Islamic Studies;بكالوريوس;جديدة;47;153;3;2004256-2;الحديث التحليلي (2);;2;نظري;إجبارية القسم
الدراسات الإسلامية;Islamic Studies;بكالوريوس;جديدة;47;153;4;103282-2;النحو (2);Grammar (2);2;نظري;إجبارية القسم
الدراسات الإسلامية;Islamic Studies;بكالوريوس;جديدة;47;153;4;20012106-2;أصول فقه (1);The Fundamentals of Al Fiqh (;2;نظري;إجبارية القسم
الدراسات الإسلامية;Islamic Studies;بكالوريوس;جديدة;47;153;4;2001265-3;الفقه (3);;3;نظري;إجبارية القسم
الدراسات الإسلامية;Islamic Studies;بكالوريوس;جديدة;47;153;4;2002226-2;القرآن الكريم (4);;2;نظري;إجبارية القسم
الدراسات الإسلامية;Islamic Studies;بكالوريوس;جديدة;47;153;4;20042203-2;العقيدة)٣;Islamic Creed 3 (;2;نظري;إجبارية القسم
الدراسات الإسلامية;Islamic Studies;بكالوريوس;جديدة;47;153;4;2004258-2;دراسات في السيرة النبوية;;2;نظري;إجبارية القسم
الدراسات الإسلامية;Islamic Studies;بكالوريوس;جديدة;47;153;4;2004305-4;أحاديث الأحكام (1);;4;نظري;إجبارية القسم
الدراسات الإسلامية;Islamic Studies;بكالوريوس;جديدة;47;153;5;20013101-3;الفقة)٤(;Jurisprudence (4);3;نظري;إجبارية القسم
الدراسات الإسلامية;Islamic Studies;بكالوريوس;جديدة;47;153;5;20013106-2;اصول الفقه (2);The Fundamentals of Al Fiqh (;2;نظري;إجبارية القسم
الدراسات الإسلامية;Islamic Studies;بكالوريوس;جديدة;47;153;5;20013108-2;علم المواريث (1);Inheritance Science (1) (;2;نظري;إجبارية القسم
الدراسات الإسلامية;Islamic Studies;بكالوريوس;جديدة;47;153;5;2002228-2;القرآن الكريم (5);;2;نظري;إجبارية القسم
الدراسات الإسلامية;Islamic Studies;بكالوريوس;جديدة;47;153;5;20023101-3;التفسير التحليلي (2);Analytical interpretation (2) (;3;نظري;إجبارية القسم
الدراسات الإسلامية;Islamic Studies;بكالوريوس;جديدة;47;153;5;2004262-2;الدعوة والحسبة;;2;نظري;إجبارية القسم
الدراسات الإسلامية;Islamic Studies;بكالوريوس;جديدة;47;153;5;20043102-2;العقيدة)٤;Islamic Creed 4 (;2;نظري;إجبارية القسم
الدراسات الإسلامية;Islamic Studies;بكالوريوس;جديدة;47;153;6;103245-2;النحو)٣(;Grammar (3);2;نظري;إجبارية القسم
الدراسات الإسلامية;Islamic Studies;بكالوريوس;جديدة;47;153;6;20013201-4;الفقة)٥;Jurisprudence (5) (;4;نظري;إجبارية القسم
الدراسات الإسلامية;Islamic Studies;بكالوريوس;جديدة;47;153;6;20013202-2;القواعد الفقهية;Jurisprudence Rules;2;نظري;إجبارية القسم
الدراسات الإسلامية;Islamic Studies;بكالوريوس;جديدة;47;153;6;20014101-2;أصول فقه)٣;The Fundamentals of Al Fiqh (;2;نظري;إجبارية القسم
الدراسات الإسلامية;Islamic Studies;بكالوريوس;جديدة;47;153;6;20014206-2;علم المواريث (2);Inheritance Science (2) (;2;نظري;إجبارية القسم
الدراسات الإسلامية;Islamic Studies;بكالوريوس;جديدة;47;153;6;2002229-2;القرآن الكريم (6);;2;نظري;إجبارية القسم
الدراسات الإسلامية;Islamic Studies;بكالوريوس;جديدة;47;153;6;2002310-3;التفسير التحليلي (3);Analytical interpretation (3) (;3;نظري;إجبارية القسم
الدراسات الإسلامية;Islamic Studies;بكالوريوس;جديدة;47;153;6;20043103-2;الأديان;Religions;2;نظري;إجبارية القسم
الدراسات الإسلامية;Islamic Studies;بكالوريوس;جديدة;47;153;6;20043203-2;أحاديث الأحكام (2);Hadiths of Judgments 2 (;2;نظري;إجبارية القسم
الدراسات الإسلامية;Islamic Studies;بكالوريوس;جديدة;47;153;7;20013105-2;الفقه المقارن;Comparative Jurisprudence;2;نظري;إجبارية القسم
الدراسات الإسلامية;Islamic Studies;بكالوريوس;جديدة;47;153;7;2002200-2;المدخل الى التفسير الموضوعي;;2;نظري;إجبارية القسم
الدراسات الإسلامية;Islamic Studies;بكالوريوس;جديدة;47;153;7;2002235-2;القرآن الكريم (7);;2;نظري;إجبارية القسم
الدراسات الإسلامية;Islamic Studies;بكالوريوس;جديدة;47;153;7;2004269-4;التخريج ودراسة الأسانيد;;4;نظري;إجبارية القسم
الدراسات الإسلامية;Islamic Studies;بكالوريوس;جديدة;47;153;7;2004272-2;العمل الخيري;;2;نظري;إجبارية القسم
الدراسات الإسلامية;Islamic Studies;بكالوريوس;جديدة;47;153;7;20044103-2;مناهج البحث;Research Methodology;2;نظري;إجبارية القسم
الدراسات الإسلامية;Islamic Studies;بكالوريوس;جديدة;47;153;7;20044204-2;المذاهب والتيارات المعاصرة;Contemporary doctrines and c;2;نظري;إجبارية القسم
الدراسات الإسلامية;Islamic Studies;بكالوريوس;جديدة;47;153;7;20044205-2;الفرق;Teams;2;نظري;إجبارية القسم
الدراسات الإسلامية;Islamic Studies;بكالوريوس;جديدة;47;153;8;2001270-2;فقه النوازل;;2;نظري;إجبارية القسم
الدراسات الإسلامية;Islamic Studies;بكالوريوس;جديدة;47;153;8;2002236-2;القرآن الكريم (8);;2;نظري;إجبارية القسم
الدراسات الإسلامية;Islamic Studies;بكالوريوس;جديدة;47;153;8;20044107-2;الحديث الموضوعي;The Objective Hadith;2;نظري;إجبارية القسم
الدراسات الإسلامية;Islamic Studies;بكالوريوس;جديدة;47;153;8;20044202-2;بحث التخرج;Graduation Research;2;نظري;إجبارية القسم
الدراسات الإسلامية;Islamic Studies;بكالوريوس;جديدة;47;153;8;20044220-4;التدريب التعاوني;Cooperative training;4;تدريب;إجبارية القسم
الدراسات الإسلامية;Islamic Studies;بكالوريوس;جديدة;47;153;2;1081113-2;تعزيز الصحة النفسية;Promoting mental health;2;نظري;متطلبات جامعية
الدراسات الإسلامية;Islamic Studies;بكالوريوس;جديدة;47;153;2;2011116-2;الثقافة البيئة;Environment Culture;2;نظري;متطلبات جامعية
الدراسات الإسلامية;Islamic Studies;بكالوريوس;جديدة;47;153;2;2061114-2;الثقافة الغذائية;Food culture;2;نظري;متطلبات جامعية
الدراسات الإسلامية;Islamic Studies;بكالوريوس;جديدة;47;153;2;3191117-2;اللياقة والثقافة الرياضية;Fitness and sports culture;2;نظري;متطلبات جامعية
الدراسات الإسلامية;Islamic Studies;بكالوريوس;جديدة;47;153;2;3731115-2;الثقافة الصحية;Health culture;2;نظري;متطلبات جامعية
الدراسات الإسلامية;Islamic Studies;بكالوريوس;جديدة;47;153;3;2031113-2;الأمن والسلامة المهنية;Occupational Safety and Secu;2;نظري;متطلبات جامعية
الدراسات الإسلامية;Islamic Studies;بكالوريوس;جديدة;47;153;3;6601301-2;مدخل الإدارة;Administration entrance;2;نظري;متطلبات جامعية
الدراسات الإسلامية;Islamic Studies;بكالوريوس;جديدة;47;153;3;6601401-2;مهارات القيادة;Leadership skills;2;نظري;متطلبات جامعية
الدراسات الإسلامية;Islamic Studies;بكالوريوس;جديدة;47;153;3;6602302-2;الابتكاروريادة الأعمال;Innovation and Entrepreneurs;2;نظري;متطلبات جامعية
الدراسات الإسلامية;Islamic Studies;بكالوريوس;جديدة;47;153;3;6602322-2;التجارة الالكترونية;;2;نظري;متطلبات جامعية
الدراسات الإسلامية;Islamic Studies;بكالوريوس;جديدة;47;153;3;6605320-2;الوعي المالي والادخار;Financial awareness and savin;2;نظري;متطلبات جامعية
الدراسات الإسلامية;Islamic Studies;بكالوريوس;جديدة;47;153;4;1031101-2;مهارات اللغة العربية;Arabic language skills;2;نظري;متطلبات جامعية
الدراسات الإسلامية;Islamic Studies;بكالوريوس;جديدة;47;153;4;105125-2;تاريخ المملكة العربية السعودية;History of the Kingdom of Sau;2;نظري;متطلبات جامعية
الدراسات الإسلامية;Islamic Studies;بكالوريوس;جديدة;47;153;4;2001114-2;ملامح السيرة النبوية;;2;نظري;متطلبات جامعية
الدراسات الإسلامية;Islamic Studies;بكالوريوس;جديدة;47;153;4;20031301-2;مبادئ القانون;Basics of Law;2;نظري;متطلبات جامعية
الدراسات الإسلامية;Islamic Studies;بكالوريوس;جديدة;47;153;4;2003215-2;حقوق االنسان;Human Rights;2;نظري;متطلبات جامعية
الدراسات الإسلامية;Islamic Studies;بكالوريوس;جديدة;47;153;4;2021110-2;المهارات اإلحصائية;Statistical skills;2;نظري;متطلبات جامعية
الدراسات الإسلامية;Islamic Studies;بكالوريوس;جديدة;47;153;4;3051111-2;مهارات الكتابة األكاديمية;Academic writing skills;2;نظري;متطلبات جامعية
الدراسات الإسلامية;Islamic Studies;بكالوريوس;جديدة;47;153;4;3051123-2;العمل التطوعي والمسؤولية المجتمعية;Volunteer work and communi;2;نظري;متطلبات جامعية
الدراسات الإسلامية;Islamic Studies;بكالوريوس;جديدة;47;153;4;3171101-2;المهارات الجامعية;University skills;2;نظري;متطلبات جامعية
الدراسات الإسلامية;Islamic Studies;بكالوريوس;جديدة;47;153;5;20021304-2;القرآن الكريم (التلاوة والتجويد);The Holy Quran (recitation an;2;نظري;متطلبات جامعية
الدراسات الإسلامية;Islamic Studies;بكالوريوس;جديدة;47;153;5;2004112-2;الثقافة الإسلامية (الأخلاق والقيم);Islamic Culture (Morals and Va (;2;نظري;متطلبات جامعية
الدراسات الإسلامية;Islamic Studies;بكالوريوس;جديدة;47;153;5;20043207-2;الثقافة الإسلامية (الفقه الطبي);Islamic culture (medical jurispr (;2;نظري;متطلبات جامعية
الدراسات الإسلامية;Islamic Studies;بكالوريوس;جديدة;47;153;5;20043109-2;دراسات في سير السلف;;2;نظري;اختيارية القسم
الدراسات الإسلامية;Islamic Studies;بكالوريوس;جديدة;47;153;5;20043110-2;محاسن الإسلام;;2;نظري;اختيارية القسم
الدراسات الإسلامية;Islamic Studies;بكالوريوس;جديدة;47;153;7;20043111-2;الأمن الفكري;;2;نظري;اختيارية القسم
الشريعة;;بكالوريوس;جديدة;47;167;1;2001110-2;المقدمات الأصولية;Fundamentalist Introduction;2;نظري;متطلبات الكلية
الشريعة;;بكالوريوس;جديدة;47;167;1;2001112-2;المدخل لدراسة الفقه;;2;نظري;متطلبات الكلية
الشريعة;;بكالوريوس;جديدة;47;167;1;2001115-4;الفقه (1);Al Fiqh 1;4;نظري;متطلبات الكلية
الشريعة;;بكالوريوس;جديدة;47;167;1;2002220-2;القرآن الكريم (1);;2;نظري;إجبارية القسم
الشريعة;;بكالوريوس;جديدة;47;167;1;2002252-2;علوم القران العامة;;2;نظري;متطلبات الكلية
الشريعة;;بكالوريوس;جديدة;47;167;1;20041102-2;علوم الحديث (1);Al Hadith 1;2;نظري;إجبارية القسم
الشريعة;;بكالوريوس;جديدة;47;167;1;2004273-2;العقيدة (1);;2;نظري;متطلبات الكلية
الشريعة;;بكالوريوس;جديدة;47;167;2;2001116-4;الفقه (2);Al Fiqh 2;4;نظري;متطلبات الكلية
الشريعة;;بكالوريوس;جديدة;47;167;2;2001126-2;فقه تاريخ عصر الراشدين;Jurisprudence of Rashidun Era;2;نظري;متطلبات الكلية
الشريعة;;بكالوريوس;جديدة;47;167;2;2001127-2;الحكم الشرعي والتكليف;Sharia Judgment & Commission;2;نظري;متطلبات الكلية
الشريعة;;بكالوريوس;جديدة;47;167;2;2001128-2;فقه آيات وأحاديث الأحكام (1);;2;نظري;متطلبات الكلية
الشريعة;;بكالوريوس;جديدة;47;167;2;2002221-2;القران الكريم (2);;2;نظري;متطلبات الكلية
الشريعة;;بكالوريوس;جديدة;47;167;2;2002250-2;أصول التفسير ومناهجه;Foundations of Exegesis;2;نظري;إجبارية القسم
الشريعة;;بكالوريوس;جديدة;47;167;2;20042107-2;علوم الحديث (2);;2;نظري;إجبارية القسم
الشريعة;;بكالوريوس;جديدة;47;167;2;2004245-2;العقيدة (2);;2;نظري;متطلبات الكلية
الشريعة;;بكالوريوس;جديدة;47;167;3;103131-3;النحو (1);;3;نظري;متطلبات جامعية
الشريعة;;بكالوريوس;جديدة;47;167;3;2001215-4;الفقه (3);Al Fiqh 3;4;نظري;متطلبات الكلية
الشريعة;;بكالوريوس;جديدة;47;167;3;2001250-4;أدلة الاحكام الشرعية (1);;4;نظري;متطلبات الكلية
الشريعة;;بكالوريوس;جديدة;47;167;3;2001255-2;قاعة بحث في الفقه وأصوله;;2;نظري;متطلبات الكلية
الشريعة;;بكالوريوس;جديدة;47;167;3;2001256-2;فقه آيات وأحاديث الأحكام (2);;2;نظري;متطلبات الكلية
الشريعة;;بكالوريوس;جديدة;47;167;3;2004373-2;العقيدة (3);;2;نظري;متطلبات الكلية
الشريعة;;بكالوريوس;جديدة;47;167;3;2004493-2;تخريج ودراسة الأسانيد;;2;نظري;متطلبات الكلية
الشريعة;;بكالوريوس;جديدة;47;167;4;2001216-4;الفقه (4);Al Fiqh 4;4;نظري;متطلبات الكلية
الشريعة;;بكالوريوس;جديدة;47;167;4;2001225-2;الفقه المقارن;Comparative Jurisprudence;2;نظري;متطلبات الكلية
الشريعة;;بكالوريوس;جديدة;47;167;4;2001257-2;فقه آيات وأحاديث الأحكام (3);;2;نظري;متطلبات الكلية
الشريعة;;بكالوريوس;جديدة;47;167;4;2001261-2;أدلة الأحكام الشرعية (2);;2;نظري;متطلبات الكلية
الشريعة;;بكالوريوس;جديدة;47;167;4;2001310-2;السياسة الشرعية;Sharia Policy;2;نظري;متطلبات الكلية
الشريعة;;بكالوريوس;جديدة;47;167;4;2002225-2;القرآن الكريم (3);;2;نظري;إجبارية القسم
الشريعة;;بكالوريوس;جديدة;47;167;4;2004258-2;دراسات في السيرة النبوية;;2;نظري;متطلبات الكلية
الشريعة;;بكالوريوس;جديدة;47;167;4;2004301-2;تدوين السنة;;2;نظري;متطلبات الكلية
الشريعة;;بكالوريوس;جديدة;47;167;5;103212-3;النحو (2);;3;نظري;متطلبات جامعية
الشريعة;;بكالوريوس;جديدة;47;167;5;2001148-2;الخلاف والمناظرة;Disagreement & Argumentation;2;نظري;متطلبات الكلية
الشريعة;;بكالوريوس;جديدة;47;167;5;2001258-2;فقه آيات وأحاديث الاأحكام (4);;2;نظري;متطلبات الكلية
الشريعة;;بكالوريوس;جديدة;47;167;5;2001311-4;الفقه (5);Al Fiqh 5;4;نظري;متطلبات الكلية
الشريعة;;بكالوريوس;جديدة;47;167;5;2001350-2;دلالات الالفاظ(1);;2;نظري;متطلبات الكلية
الشريعة;;بكالوريوس;جديدة;47;167;5;2001351-3;علم المواريث 1;Inheritance Science 1;3;نظري;متطلبات الكلية
الشريعة;;بكالوريوس;جديدة;47;167;5;2002226-2;القرآن الكريم (4);;2;نظري;إجبارية القسم
الشريعة;;بكالوريوس;جديدة;47;167;5;2004474-2;العقيدة (4);;2;نظري;متطلبات الكلية
الشريعة;;بكالوريوس;جديدة;47;167;6;103213-3;النحو (3);;3;نظري;متطلبات جامعية
الشريعة;;بكالوريوس;جديدة;47;167;6;2001259-2;فقه آيات وأحاديث الأحكام (5);;2;نظري;متطلبات الكلية
الشريعة;;بكالوريوس;جديدة;47;167;6;2001263-4;دلالات الألفاظ (2);;4;نظري;متطلبات الكلية
الشريعة;;بكالوريوس;جديدة;47;167;6;2001321-4;الفقه (6);;4;نظري;متطلبات الكلية
الشريعة;;بكالوريوس;جديدة;47;167;6;2001352-2;علم المواريث (2);;2;نظري;متطلبات الكلية
الشريعة;;بكالوريوس;جديدة;47;167;6;2003229-2;نظام الاجراءات الجزائية;;2;نظري;متطلبات الكلية
الشريعة;;بكالوريوس;جديدة;47;167;6;20044204-2;المذاهب والتيارات المعاصرة;;2;نظري;إجبارية القسم
الشريعة;;بكالوريوس;جديدة;47;167;6;2004476-2;الأديان والفرق;;2;نظري;متطلبات الكلية
الشريعة;;بكالوريوس;جديدة;47;167;7;103141-2;البلاغة;;2;نظري;متطلبات جامعية
الشريعة;;بكالوريوس;جديدة;47;167;7;2001383-2;الاقتصاد الإسالمي;;2;نظري;متطلبات الكلية
الشريعة;;بكالوريوس;جديدة;47;167;7;2001411-4;الفقه (7);;4;نظري;متطلبات الكلية
الشريعة;;بكالوريوس;جديدة;47;167;7;2001413-2;تخريج الفروع على الأصول;;2;نظري;متطلبات الكلية
الشريعة;;بكالوريوس;جديدة;47;167;7;2001414-4;القياس;;4;نظري;متطلبات الكلية
الشريعة;;بكالوريوس;جديدة;47;167;7;2001419-2;القواعد الفقهية (1);;2;نظري;متطلبات الكلية
الشريعة;;بكالوريوس;جديدة;47;167;7;2003230-2;مبادئ القانون التجاري;;2;نظري;إجبارية القسم
الشريعة;;بكالوريوس;جديدة;47;167;7;20034102-2;النظام القضائي في المملكة;;2;نظري;متطلبات الكلية
الشريعة;;بكالوريوس;جديدة;47;167;8;2001237-4;التدريب العملي;;4;تدريب;متطلبات الكلية
الشريعة;;بكالوريوس;جديدة;47;167;8;2001346-2;مقاصد الشريعة;;2;نظري;متطلبات الكلية
الشريعة;;بكالوريوس;جديدة;47;167;8;2001421-4;الفقه (8);;4;نظري;متطلبات الكلية
الشريعة;;بكالوريوس;جديدة;47;167;8;2001425-2;القواعد الفقهية (2);;2;نظري;متطلبات الكلية
الشريعة;;بكالوريوس;جديدة;47;167;8;2001433-2;الاجتهاد والتعارض والترجيح;;2;نظري;متطلبات الكلية
الشريعة;;بكالوريوس;جديدة;47;167;8;2001465-2;فقه النوازل;;2;نظري;متطلبات الكلية
الشريعة;;بكالوريوس;جديدة;47;167;1;104999-3;مهارات اللغة اإلنجليزية;English language skills;4;نظري;متطلبات جامعية
الشريعة;;بكالوريوس;جديدة;47;167;2;20041303-2;الثقافة الإسلامية (السنة في الإسلام);Islamic Culture (Sunnah in Isla;2;نظري;متطلبات جامعية
الشريعة;;بكالوريوس;جديدة;47;167;3;20041302-2;الثقافة الإسلامية (العقيدة والشريعة);Islamic culture (faith and Shar (;2;نظري;متطلبات جامعية
الشريعة;;بكالوريوس;جديدة;47;167;5;2004313-2;ثقافة إسلامية (3);;2;نظري;متطلبات جامعية
الشريعة;;بكالوريوس;جديدة;47;167;1;1031101-2;مهارات اللغة العربية;Arabic language skills;2;نظري;متطلبات جامعية
الشريعة;;بكالوريوس;جديدة;47;167;1;2021110-2;المهارات اإلحصائية;Statistical skills;2;نظري;متطلبات جامعية
الشريعة;;بكالوريوس;جديدة;47;167;1;3051111-2;مهارات الكتابة األكاديمية;Academic writing skills;2;نظري;متطلبات جامعية
الشريعة;;بكالوريوس;جديدة;47;167;1;3171101-2;المهارات الجامعية;University skills;2;نظري;متطلبات جامعية
الشريعة;;بكالوريوس;جديدة;47;167;2;105125-2;تاريخ المملكة العربية السعودية;History of the Kingdom of Sa;2;نظري;متطلبات جامعية
الشريعة;;بكالوريوس;جديدة;47;167;2;2001114-2;ملامح السيرة النبوية;;2;نظري;متطلبات جامعية
الشريعة;;بكالوريوس;جديدة;47;167;2;20031301-2;مبادئ القانون;Basics of Law;2;نظري;متطلبات جامعية
الشريعة;;بكالوريوس;جديدة;47;167;5;2031113-2;الأمن والسلامة المهنية;Occupational Safety and Secu;2;نظري;متطلبات جامعية
الشريعة;;بكالوريوس;جديدة;47;167;5;6601301-2;مدخل الإدارة;Administration entrance;2;نظري;متطلبات جامعية
الشريعة;;بكالوريوس;جديدة;47;167;5;6601401-2;مهارات القيادة;Leadership skills;2;نظري;متطلبات جامعية
الشريعة;;بكالوريوس;جديدة;47;167;8;1061120-2;صناعة المحتوى الرقمي;Digital content creation;2;نظري;متطلبات جامعية
الشريعة;;بكالوريوس;جديدة;47;167;8;2003215-2;حقوق الانسان;;2;نظري;متطلبات جامعية
الشريعة;;بكالوريوس;جديدة;47;167;8;3051123-2;العمل التطوعي والمسؤولية المجتمعية;Volunteer work and communi;2;نظري;متطلبات جامعية
الشريعة;;بكالوريوس;جديدة;47;167;8;44041122-2;التصميم والجرافيك;Design and graphics;2;نظري;متطلبات جامعية
الشريعة;;بكالوريوس;جديدة;47;167;8;5011119-2;تطبيقات الذكاء االصطناعي;Artificial intelligence applicatio;2;نظري;متطلبات جامعية
الشريعة;;بكالوريوس;جديدة;47;167;8;501121-3;مقدمة في البرمجة;;3;عملي;متطلبات جامعية
الشريعة;;بكالوريوس;جديدة;47;167;8;5021118-2;مهارات الحاسب الآلي وتقنية المعلومات;Computer and IT skills;2;نظري;متطلبات جامعية
القراءات;;بكالوريوس;جديدة;47;151;1;2001112-2;المدخل لدراسة الفقه;;2;نظري;متطلبات الكلية
القراءات;;بكالوريوس;جديدة;47;151;1;2002102-4;أصول القراءات السبع (1);;4;نظري;متطلبات الكلية
القراءات;;بكالوريوس;جديدة;47;151;1;2002103-2;التجويد (1);;2;نظري;متطلبات الكلية
القراءات;;بكالوريوس;جديدة;47;151;1;2002252-2;علوم القران العامة;;2;نظري;متطلبات الكلية
القراءات;;بكالوريوس;جديدة;47;151;1;2004258-2;دراسات في السيرة النبوية;;2;نظري;متطلبات الكلية
القراءات;;بكالوريوس;جديدة;47;151;2;103171-2;التحرير العربي;;2;نظري;إجبارية القسم
القراءات;;بكالوريوس;جديدة;47;151;2;103411-2;الصرف;;2;نظري;متطلبات جامعية
القراءات;;بكالوريوس;جديدة;47;151;2;2002104-2;آداب حملة القرآن;;2;نظري;متطلبات الكلية
القراءات;;بكالوريوس;جديدة;47;151;2;2002105-4;أصول القراءات السبع (2);;4;نظري;متطلبات الكلية
القراءات;;بكالوريوس;جديدة;47;151;2;2002106-2;التجويد (2);;2;نظري;متطلبات الكلية
القراءات;;بكالوريوس;جديدة;47;151;2;2002110-2;مدخل إلى علوم القراءات;;2;نظري;متطلبات الكلية
القراءات;;بكالوريوس;جديدة;47;151;2;2002210-2;دراسات في علوم القرآن;;2;نظري;إجبارية القسم
القراءات;;بكالوريوس;جديدة;47;151;3;103281-2;النحو (1);;2;نظري;إجبارية القسم
القراءات;;بكالوريوس;جديدة;47;151;3;20012211-2;الفقة (1);;2;نظري;متطلبات الكلية
القراءات;;بكالوريوس;جديدة;47;151;3;2002111-3;عرض القراءات السبع (1);;3;نظري;متطلبات الكلية
القراءات;;بكالوريوس;جديدة;47;151;3;20021203-2;التفسير التحليلي (1);Analytical Interpretation (1) (;2;نظري;إجبارية القسم
القراءات;;بكالوريوس;جديدة;47;151;3;2002201-2;فرش القراءات السبع (1);;2;نظري;متطلبات الكلية
القراءات;;بكالوريوس;جديدة;47;151;3;2002280-2;تدريبات على الجمع والكيفيات;;2;نظري;متطلبات الكلية
القراءات;;بكالوريوس;جديدة;47;151;3;2004102-2;مصطلح الحديث;;2;نظري;متطلبات الكلية
القراءات;;بكالوريوس;جديدة;47;151;3;2004273-2;العقيدة (1);;2;نظري;متطلبات الكلية
القراءات;;بكالوريوس;جديدة;47;151;4;103282-2;النحو (2);;2;نظري;إجبارية القسم
القراءات;;بكالوريوس;جديدة;47;151;4;20012212-2;الفقة (2);;2;نظري;متطلبات الكلية
القراءات;;بكالوريوس;جديدة;47;151;4;2002112-3;عرض القراءا السبع (2);;3;نظري;متطلبات الكلية
القراءات;;بكالوريوس;جديدة;47;151;4;2002206-2;فرش القراءات السبع (2);;2;نظري;متطلبات الكلية
القراءات;;بكالوريوس;جديدة;47;151;4;2002250-2;أصول التفسير ومناهجه;Foundations of Exegesis;2;نظري;إجبارية القسم
القراءات;;بكالوريوس;جديدة;47;151;4;2002318-2;توجيه القراءات;;2;نظري;متطلبات الكلية
القراءات;;بكالوريوس;جديدة;47;151;4;2002352-2;التفسير التحليلي (2);;2;نظري;متطلبات الكلية
القراءات;;بكالوريوس;جديدة;47;151;4;2004205-2;الحديث (1);;2;نظري;متطلبات الكلية
القراءات;;بكالوريوس;جديدة;47;151;4;2004245-2;العقيدة (2);;2;نظري;متطلبات الكلية
القراءات;;بكالوريوس;جديدة;47;151;5;103245-2;النحو (3);;2;نظري;إجبارية القسم
القراءات;;بكالوريوس;جديدة;47;151;5;2001445-2;أصول الفقه;;2;نظري;متطلبات الكلية
القراءات;;بكالوريوس;جديدة;47;151;5;2002113-3;عرض القراءات السبع(3);;3;نظري;متطلبات الكلية
القراءات;;بكالوريوس;جديدة;47;151;5;2002301-2;فرش القراءات السبع (3);;2;نظري;متطلبات الكلية
القراءات;;بكالوريوس;جديدة;47;151;5;2002305-2;رسم المصحف (1);;2;نظري;متطلبات الكلية
القراءات;;بكالوريوس;جديدة;47;151;5;20023205-2;التفسير التحليلي (3);;2;نظري;متطلبات الكلية
القراءات;;بكالوريوس;جديدة;47;151;5;2004209-2;الحديث (2);;2;نظري;متطلبات الكلية
القراءات;;بكالوريوس;جديدة;47;151;5;2004373-2;العقيدة (3);;2;نظري;متطلبات الكلية
القراءات;;بكالوريوس;جديدة;47;151;6;103141-2;البلاغة;;2;نظري;متطلبات جامعية
القراءات;;بكالوريوس;جديدة;47;151;6;103349-2;النحو (4);;2;نظري;متطلبات جامعية
القراءات;;بكالوريوس;جديدة;47;151;6;2002114-3;عرض القراءات السبع(4);;3;نظري;متطلبات الكلية
القراءات;;بكالوريوس;جديدة;47;151;6;2002200-2;المدخل الى التفسير الموضوعي;;2;نظري;إجبارية القسم
القراءات;;بكالوريوس;جديدة;47;151;6;2002307-2;فرش القراءات السبع (4);;2;نظري;متطلبات الكلية
القراءات;;بكالوريوس;جديدة;47;151;6;2002309-2;رسم المصحف (2);;2;نظري;متطلبات الكلية
القراءات;;بكالوريوس;جديدة;47;151;6;2002419-2;مناهج البحث;;2;نظري;متطلبات الكلية
القراءات;;بكالوريوس;جديدة;47;151;6;2002429-2;الانتصار للقرآن;;2;نظري;متطلبات الكلية
القراءات;;بكالوريوس;جديدة;47;151;6;2004320-2;الحديث (3);;2;نظري;متطلبات الكلية
القراءات;;بكالوريوس;جديدة;47;151;6;2004474-2;العقيدة (4);;2;نظري;متطلبات الكلية
القراءات;;بكالوريوس;جديدة;47;151;7;20023110-2;مشروع التخرج;;2;نظري;متطلبات الكلية
القراءات;;بكالوريوس;جديدة;47;151;7;2002401-2;القراءات الثالث (1);;2;نظري;متطلبات الكلية
القراءات;;بكالوريوس;جديدة;47;151;7;2002409-2;علم عد اآلي;;2;نظري;متطلبات الكلية
القراءات;;بكالوريوس;جديدة;47;151;7;2002416-2;التقنيات الحديثة في الدراسات القرآنية;;2;نظري;متطلبات الكلية
القراءات;;بكالوريوس;جديدة;47;151;7;2002425-2;علم الضبط;;2;نظري;متطلبات الكلية
القراءات;;بكالوريوس;جديدة;47;151;7;2002456-2;إعجاز القرآن الكريم;;2;نظري;متطلبات الكلية
القراءات;;بكالوريوس;جديدة;47;151;7;2002460-2;عرض القراءات الثلاث(1);;2;نظري;متطلبات الكلية
القراءات;;بكالوريوس;جديدة;47;151;7;2004403-2;الأديان والفرق والمذاهب المعاصرة;;2;نظري;متطلبات الكلية
القراءات;;بكالوريوس;جديدة;47;151;7;2004493-2;تخريج ودراسة الأسانيد;;2;نظري;متطلبات الكلية
القراءات;;بكالوريوس;جديدة;47;151;8;2002266-6;التدريب التعاوني;;6;تدريب;متطلبات الكلية
القراءات;;بكالوريوس;جديدة;47;151;8;2002407-2;القراءات الثالث (2);;2;نظري;متطلبات الكلية
القراءات;;بكالوريوس;جديدة;47;151;8;2002461-2;عرض القراءات الثلاث(2);;2;نظري;متطلبات الكلية
القراءات;;بكالوريوس;جديدة;47;151;1;104999-3;مهارات اللغة اإلنجليزية;English language skills;4;نظري;متطلبات جامعية
القراءات;;بكالوريوس;جديدة;47;151;1;20041302-2;الثقافة الإسلامية (العقيدة والشريعة);Islamic culture (faith and Shar (;2;نظري;متطلبات جامعية
القراءات;;بكالوريوس;جديدة;47;151;2;20041303-2;الثقافة الإسلامية (السنة في الإسلام);Islamic Culture (Sunnah in Isla;2;نظري;متطلبات جامعية
القراءات;;بكالوريوس;جديدة;47;151;3;2004313-2;ثقافة إسلامية (3);;2;نظري;متطلبات جامعية
القراءات;;بكالوريوس;جديدة;47;151;1;105125-2;تاريخ المملكة العربية السعودية;History of the Kingdom of Sa;2;نظري;متطلبات جامعية
القراءات;;بكالوريوس;جديدة;47;151;1;2001114-2;ملامح السيرة النبوية;;2;نظري;متطلبات جامعية
القراءات;;بكالوريوس;جديدة;47;151;1;20031301-2;مبادئ القانون;Basics of Law;2;نظري;متطلبات جامعية
القراءات;;بكالوريوس;جديدة;47;151;1;2003215-2;حقوق الانسان;;2;نظري;متطلبات جامعية
القراءات;;بكالوريوس;جديدة;47;151;1;3051123-2;العمل التطوعي والمسؤولية المجتمعية;Volunteer work and communi;2;نظري;متطلبات جامعية
القراءات;;بكالوريوس;جديدة;47;151;2;1031101-2;مهارات اللغة العربية;Arabic language skills;2;نظري;متطلبات جامعية
القراءات;;بكالوريوس;جديدة;47;151;2;2021110-2;المهارات اإلحصائية;Statistical skills;2;نظري;متطلبات جامعية
القراءات;;بكالوريوس;جديدة;47;151;2;3051111-2;مهارات الكتابة األكاديمية;Academic writing skills;2;نظري;متطلبات جامعية
القراءات;;بكالوريوس;جديدة;47;151;2;3171101-2;المهارات الجامعية;University skills;2;نظري;متطلبات جامعية
القراءات;;بكالوريوس;جديدة;47;151;3;6601301-2;مدخل الإدارة;Administration entrance;2;نظري;متطلبات جامعية
القراءات;;بكالوريوس;جديدة;47;151;3;6601401-2;مهارات القيادة;Leadership skills;2;نظري;متطلبات جامعية
القراءات;;بكالوريوس;جديدة;47;151;3;6602302-2;الابتكار وريادة الأعمال;Innovation and Entrepreneurs;2;نظري;متطلبات جامعية
القراءات;;بكالوريوس;جديدة;47;151;3;6602322-2;التجارة الالكترونية;;2;نظري;متطلبات جامعية
القراءات;;بكالوريوس;جديدة;47;151;3;6605320-2;الوعي المالي والادخار;Financial awareness and savin;2;نظري;متطلبات جامعية
القراءات;;بكالوريوس;جديدة;47;151;4;1081113-2;تعزيز الصحة النفسية;Promoting mental health;2;نظري;متطلبات جامعية
القراءات;;بكالوريوس;جديدة;47;151;4;2011116-2;الثقافة البيئة;Environment Culture;2;نظري;متطلبات جامعية
القراءات;;بكالوريوس;جديدة;47;151;4;2061114-2;الثقافة الغذائية;Food culture;2;نظري;متطلبات جامعية
القراءات;;بكالوريوس;جديدة;47;151;4;3191117-2;اللياقة والثقافة الرياضية;Fitness and sports culture;2;نظري;متطلبات جامعية
القراءات;;بكالوريوس;جديدة;47;151;4;3731115-2;الثقافة الصحية;Health culture;2;نظري;متطلبات جامعية
القراءات;;بكالوريوس;جديدة;47;151;5;1061120-2;صناعة المحتوى الرقمي;Digital content creation;2;نظري;متطلبات جامعية
القراءات;;بكالوريوس;جديدة;47;151;5;44041122-2;التصميم والجرافيك;Design and graphics;2;نظري;متطلبات جامعية
القراءات;;بكالوريوس;جديدة;47;151;5;5011119-2;تطبيقات الذكاء االصطناعي;Artificial intelligence applicatio;2;نظري;متطلبات جامعية
القراءات;;بكالوريوس;جديدة;47;151;5;5011121-2;البرمجة لغير المختصين;Programming for non-experts;2;نظري;متطلبات جامعية
القراءات;;بكالوريوس;جديدة;47;151;5;5021118-2;مهارات الحاسب الآلي وتقنية المعلومات;Computer and IT skills;2;نظري;متطلبات جامعية
القراءات;;بكالوريوس;جديدة;47;151;5;2002238-2;الوقف والابنداء;;2;نظري;متطلبات الكلية
القراءات;;بكالوريوس;جديدة;47;151;5;2002239-2;مصادر ومناهج المؤلفين في القراءات;;2;نظري;متطلبات الكلية
القرآن وعلومه;;بكالوريوس;جديدة;47;144;2;104999-3;مهارات اللغة اإلنجليزية;English language skills;4;نظري;متطلبات جامعية
القرآن وعلومه;;بكالوريوس;جديدة;47;144;2;20041302-2;الثقافة الإسلامية (العقيدة والشريعة);Islamic culture (faith and Shar (;2;نظري;متطلبات جامعية
القرآن وعلومه;;بكالوريوس;جديدة;47;144;3;20041303-2;الثقافة الإسلامية (السنة في الإسلام);Islamic Culture (Sunnah in Isla;2;نظري;متطلبات جامعية
القرآن وعلومه;;بكالوريوس;جديدة;47;144;6;2004313-2;ثقافة إسلامية (3);;2;نظري;متطلبات جامعية
القرآن وعلومه;;بكالوريوس;جديدة;47;144;1;103171-2;التحرير العربي;;2;نظري;إجبارية القسم
القرآن وعلومه;;بكالوريوس;جديدة;47;144;1;2001112-2;المدخل لدراسة الفقه;;2;نظري;متطلبات الكلية
القرآن وعلومه;;بكالوريوس;جديدة;47;144;1;2002103-2;التجويد (1);;2;نظري;إجبارية القسم
القرآن وعلومه;;بكالوريوس;جديدة;47;144;1;2002110-2;مدخل إلى علوم القراءات;;2;نظري;إجبارية القسم
القرآن وعلومه;;بكالوريوس;جديدة;47;144;1;2002114-2;تلاوة وحفظ (1);;2;نظري;إجبارية القسم
القرآن وعلومه;;بكالوريوس;جديدة;47;144;1;2002116-2;آداب حملة القرآن;;2;نظري;إجبارية القسم
القرآن وعلومه;;بكالوريوس;جديدة;47;144;1;2002117-2;تاريخ التفسير;;2;نظري;إجبارية القسم
القرآن وعلومه;;بكالوريوس;جديدة;47;144;1;2002252-2;علوم القران العامة;;2;نظري;متطلبات الكلية
القرآن وعلومه;;بكالوريوس;جديدة;47;144;1;2004258-2;دراسات في السيرة النبوية;;2;نظري;متطلبات الكلية
القرآن وعلومه;;بكالوريوس;جديدة;47;144;2;103281-2;النحو (1);;2;نظري;إجبارية القسم
القرآن وعلومه;;بكالوريوس;جديدة;47;144;2;2002106-2;التجويد (2);;2;نظري;إجبارية القسم
القرآن وعلومه;;بكالوريوس;جديدة;47;144;2;20021204-2;علوم تدوين القرآن;;2;نظري;إجبارية القسم
القرآن وعلومه;;بكالوريوس;جديدة;47;144;2;2002124-2;تلاوة وحفظ (2);;2;نظري;إجبارية القسم
القرآن وعلومه;;بكالوريوس;جديدة;47;144;2;2002204-2;التفسير (1);;2;نظري;إجبارية القسم
القرآن وعلومه;;بكالوريوس;جديدة;47;144;2;20022250-2;اصول التفسير;;2;نظري;إجبارية القسم
القرآن وعلومه;;بكالوريوس;جديدة;47;144;2;2004102-2;مصطلح الحديث;;2;نظري;إجبارية القسم
القرآن وعلومه;;بكالوريوس;جديدة;47;144;3;103282-2;النحو (2);;2;نظري;إجبارية القسم
القرآن وعلومه;;بكالوريوس;جديدة;47;144;3;2001221-2;الفقة (1);;2;نظري;إجبارية القسم
القرآن وعلومه;;بكالوريوس;جديدة;47;144;3;2002208-2;التفسير (2);;2;نظري;إجبارية القسم
القرآن وعلومه;;بكالوريوس;جديدة;47;144;3;2002212-2;قواعد التفسير;;2;نظري;إجبارية القسم
القرآن وعلومه;;بكالوريوس;جديدة;47;144;3;2002215-2;تلاوة وحفظ (3);;2;نظري;إجبارية القسم
القرآن وعلومه;;بكالوريوس;جديدة;47;144;3;2003220-2;المدخل لدراسة الأنظمة;;2;نظري;إجبارية القسم
القرآن وعلومه;;بكالوريوس;جديدة;47;144;3;2004205-2;الحديث (1);;2;نظري;إجبارية القسم
القرآن وعلومه;;بكالوريوس;جديدة;47;144;3;2004273-2;العقيدة (1);;2;نظري;إجبارية القسم
القرآن وعلومه;;بكالوريوس;جديدة;47;144;3;2007314-2;علوم دلالات القرآن;;2;نظري;إجبارية القسم
القرآن وعلومه;;بكالوريوس;جديدة;47;144;4;103245-2;النحو (3);;2;نظري;إجبارية القسم
القرآن وعلومه;;بكالوريوس;جديدة;47;144;4;2001322-2;الفقه (2);;2;نظري;إجبارية القسم
القرآن وعلومه;;بكالوريوس;جديدة;47;144;4;20022201-2;لغة القرآن وأساليبه;;2;نظري;إجبارية القسم
القرآن وعلومه;;بكالوريوس;جديدة;47;144;4;2002222-2;مناهج المفسرين;;2;نظري;إجبارية القسم
القرآن وعلومه;;بكالوريوس;جديدة;47;144;4;2002224-2;تلاوة وحفظ (4);;2;نظري;إجبارية القسم
القرآن وعلومه;;بكالوريوس;جديدة;47;144;4;2002306-2;التفسير (3);;2;نظري;إجبارية القسم
القرآن وعلومه;;بكالوريوس;جديدة;47;144;4;2002318-2;توجيه القراءات;;2;نظري;إجبارية القسم
القرآن وعلومه;;بكالوريوس;جديدة;47;144;4;2004209-2;الحديث (2);;2;نظري;إجبارية القسم
القرآن وعلومه;;بكالوريوس;جديدة;47;144;4;2004245-2;العقيدة (2);;2;نظري;إجبارية القسم
القرآن وعلومه;;بكالوريوس;جديدة;47;144;4;2004493-2;تخريج ودراسة الأسانيد;;2;نظري;إجبارية القسم
القرآن وعلومه;;بكالوريوس;جديدة;47;144;5;103349-2;النحو (4);;2;نظري;متطلبات جامعية
القرآن وعلومه;;بكالوريوس;جديدة;47;144;5;103411-2;الصرف;;2;نظري;متطلبات جامعية
القرآن وعلومه;;بكالوريوس;جديدة;47;144;5;2001113-2;أصول الفقه (1);;2;نظري;إجبارية القسم
القرآن وعلومه;;بكالوريوس;جديدة;47;144;5;2001317-2;الفقه (3);;2;نظري;إجبارية القسم
القرآن وعلومه;;بكالوريوس;جديدة;47;144;5;2002314-2;تلاوة وحفظ (5);;2;نظري;إجبارية القسم
القرآن وعلومه;;بكالوريوس;جديدة;47;144;5;2002317-2;التفسير (4);;2;نظري;إجبارية القسم
القرآن وعلومه;;بكالوريوس;جديدة;47;144;5;2004320-2;الحديث (3);;2;نظري;إجبارية القسم
القرآن وعلومه;;بكالوريوس;جديدة;47;144;5;2004373-2;العقيدة (3);;2;نظري;إجبارية القسم
القرآن وعلومه;;بكالوريوس;جديدة;47;144;6;103412-2;البلاغة (1);;2;نظري;متطلبات جامعية
القرآن وعلومه;;بكالوريوس;جديدة;47;144;6;2001330-2;أصول الفقه (2);;2;نظري;إجبارية القسم
القرآن وعلومه;;بكالوريوس;جديدة;47;144;6;2002325-2;تلاوة وحفظ (6);;2;نظري;إجبارية القسم
القرآن وعلومه;;بكالوريوس;جديدة;47;144;6;2002327-2;التفسير (5);;2;نظري;إجبارية القسم
القرآن وعلومه;;بكالوريوس;جديدة;47;144;6;2002416-2;التقنيات الحديثة في الدراسات القرآنية;;2;نظري;إجبارية القسم
القرآن وعلومه;;بكالوريوس;جديدة;47;144;6;2002419-2;مناهج البحث;;2;نظري;إجبارية القسم
القرآن وعلومه;;بكالوريوس;جديدة;47;144;6;2002454-2;التفسير الموضوعي;;2;نظري;إجبارية القسم
القرآن وعلومه;;بكالوريوس;جديدة;47;144;6;2004474-2;العقيدة (4);;2;نظري;إجبارية القسم
القرآن وعلومه;;بكالوريوس;جديدة;47;144;7;103422-2;البلاغة (2);;2;نظري;متطلبات جامعية
القرآن وعلومه;;بكالوريوس;جديدة;47;144;7;20024101-2;قاعة بحث;;2;نظري;إجبارية القسم
القرآن وعلومه;;بكالوريوس;جديدة;47;144;7;20024102-2;تفسير جزء عم;;2;نظري;إجبارية القسم
القرآن وعلومه;;بكالوريوس;جديدة;47;144;7;2002413-2;التفسير (6);;2;نظري;إجبارية القسم
القرآن وعلومه;;بكالوريوس;جديدة;47;144;7;2002414-2;تلاوة وحفظ (7);;2;نظري;إجبارية القسم
القرآن وعلومه;;بكالوريوس;جديدة;47;144;7;2002429-2;النتصار للقرآن;;2;نظري;إجبارية القسم
القرآن وعلومه;;بكالوريوس;جديدة;47;144;7;2002456-2;إعجاز القرآن الكريم;;2;نظري;إجبارية القسم
القرآن وعلومه;;بكالوريوس;جديدة;47;144;7;2004403-2;الأديان والفرق والمذاهب المعاصرة;;2;نظري;إجبارية القسم
القرآن وعلومه;;بكالوريوس;جديدة;47;144;8;2002266-5;التدريب التعاوني;;5;تدريب;إجبارية القسم
القرآن وعلومه;;بكالوريوس;جديدة;47;144;8;2002420-2;تلاوة وحفظ (8);;2;نظري;إجبارية القسم
القرآن وعلومه;;بكالوريوس;جديدة;47;144;1;105125-2;تاريخ المملكة العربية السعودية;History of the Kingdom of Sa;2;نظري;متطلبات جامعية
القرآن وعلومه;;بكالوريوس;جديدة;47;144;1;2001114-2;ملامح السيرة النبوية;;2;نظري;متطلبات جامعية
القرآن وعلومه;;بكالوريوس;جديدة;47;144;1;20031301-2;مبادئ القانون;Basics of Law;2;نظري;متطلبات جامعية
القرآن وعلومه;;بكالوريوس;جديدة;47;144;1;2003215-2;حقوق الانسان;;2;نظري;متطلبات جامعية
القرآن وعلومه;;بكالوريوس;جديدة;47;144;1;3051123-2;العمل التطوعي والمسؤولية المجتمعية;Volunteer work and communi;2;نظري;متطلبات جامعية
القرآن وعلومه;;بكالوريوس;جديدة;47;144;2;1031101-2;مهارات اللغة العربية;Arabic language skills;2;نظري;متطلبات جامعية
القرآن وعلومه;;بكالوريوس;جديدة;47;144;2;2021110-2;المهارات اإلحصائية;Statistical skills;2;نظري;متطلبات جامعية
القرآن وعلومه;;بكالوريوس;جديدة;47;144;2;3051111-2;مهارات الكتابة األكاديمية;Academic writing skills;2;نظري;متطلبات جامعية
القرآن وعلومه;;بكالوريوس;جديدة;47;144;2;3171101-2;المهارات الجامعية;University skills;2;نظري;متطلبات جامعية
القرآن وعلومه;;بكالوريوس;جديدة;47;144;5;6601301-2;مدخل الإدارة;Administration entrance;2;نظري;متطلبات جامعية
القرآن وعلومه;;بكالوريوس;جديدة;47;144;5;6601401-2;مهارات القيادة;Leadership skills;2;نظري;متطلبات جامعية
القرآن وعلومه;;بكالوريوس;جديدة;47;144;5;6602302-2;الابتكار وريادة الأعمال;Innovation and Entrepreneurs;2;نظري;متطلبات جامعية
القرآن وعلومه;;بكالوريوس;جديدة;47;144;5;6602322-2;التجارة الالكترونية;;2;نظري;متطلبات جامعية
القرآن وعلومه;;بكالوريوس;جديدة;47;144;5;6605320-2;الوعي المالي والادخار;Financial awareness and savin;2;نظري;متطلبات جامعية
القرآن وعلومه;;بكالوريوس;جديدة;47;144;6;1081113-2;تعزيز الصحة النفسية;Promoting mental health;2;نظري;متطلبات جامعية
القرآن وعلومه;;بكالوريوس;جديدة;47;144;6;2011116-2;الثقافة البيئة;Environment Culture;2;نظري;متطلبات جامعية
القرآن وعلومه;;بكالوريوس;جديدة;47;144;6;2061114-2;الثقافة الغذائية;Food culture;2;نظري;متطلبات جامعية
القرآن وعلومه;;بكالوريوس;جديدة;47;144;6;3191117-2;اللياقة والثقافة الرياضية;Fitness and sports culture;2;نظري;متطلبات جامعية
القرآن وعلومه;;بكالوريوس;جديدة;47;144;6;3731115-2;الثقافة الصحية;Health culture;2;نظري;متطلبات جامعية
القرآن وعلومه;;بكالوريوس;جديدة;47;144;7;1061120-2;صناعة المحتوى الرقمي;Digital content creation;2;نظري;متطلبات جامعية
القرآن وعلومه;;بكالوريوس;جديدة;47;144;7;44041122-2;التصميم والجرافيك;Design and graphics;2;نظري;متطلبات جامعية
القرآن وعلومه;;بكالوريوس;جديدة;47;144;7;5011119-2;تطبيقات الذكاء االصطناعي;Artificial intelligence applicatio;2;نظري;متطلبات جامعية
القرآن وعلومه;;بكالوريوس;جديدة;47;144;7;501121-3;مقدمة في البرمجة;;3;عملي;متطلبات جامعية
القرآن وعلومه;;بكالوريوس;جديدة;47;144;7;5021118-2;مهارات الحاسب الآلي وتقنية المعلومات;Computer and IT skills;2;نظري;متطلبات جامعية
أصول الفقه;Usul al-Fiqh;ماجستير;جديدة;1;40;1;2001700-2;مصادر ومناهج أصولية;Sources and Methodologies of Usul al-Fiqh;2;نظري;إجبارية القسم
أصول الفقه;Usul al-Fiqh;ماجستير;جديدة;1;40;1;2001701-3;الأدلة الشرعية (1);Legal Evidences (1);3;نظري;إجبارية القسم
أصول الفقه;Usul al-Fiqh;ماجستير;جديدة;1;40;1;2001702-2;مقاصد الشريعة;Objectives of Sharia;2;نظري;إجبارية القسم
أصول الفقه;Usul al-Fiqh;ماجستير;جديدة;1;40;1;2001703-2;الفقه المقارن;Comparative Jurisprudence;2;نظري;إجبارية القسم
أصول الفقه;Usul al-Fiqh;ماجستير;جديدة;1;40;2;2001704-2;الأدلة الشرعية (2);Legal Evidences (2);2;نظري;إجبارية القسم
أصول الفقه;Usul al-Fiqh;ماجستير;جديدة;1;40;2;2001705-3;بناء الأصول على الأصول;Building Principles on Foundations;3;نظري;إجبارية القسم
أصول الفقه;Usul al-Fiqh;ماجستير;جديدة;1;40;2;2001706-2;مناهج البحث;Research Methodologies;2;نظري;إجبارية القسم
أصول الفقه;Usul al-Fiqh;ماجستير;جديدة;1;40;2;2001707-2;تطبيقات أصولية;Applied Principles of Usul al-Fiqh;2;نظري;إجبارية القسم
أصول الفقه;Usul al-Fiqh;ماجستير;جديدة;1;40;2;2001708-2;أصول المناظرة والجدل;Principles of Debate and Argumentation;2;نظري;إجبارية القسم
أصول الفقه;Usul al-Fiqh;ماجستير;جديدة;1;40;3;2001709-3;دلالات الألفاظ;Implications of Words;3;نظري;إجبارية القسم
أصول الفقه;Usul al-Fiqh;ماجستير;جديدة;1;40;3;2001710-4;قواعد التعارض والترجيح;Rules of Conflict and Preference;4;نظري;إجبارية القسم
أصول الفقه;Usul al-Fiqh;ماجستير;جديدة;1;40;3;2001711-4;دراسة تحليلية في مصادر أصولية;Analytical Study in Sources of Usul al-Fiqh;4;نظري;إجبارية القسم
أصول الفقه;Usul al-Fiqh;ماجستير;جديدة;1;40;4;2001712-2;تنزيل الأحكام على الوقائع القضائية;Application of Rulings to Judicial Facts;2;نظري;إجبارية القسم
أصول الفقه;Usul al-Fiqh;ماجستير;جديدة;1;40;4;2001713-4;مشروع بحث التخرج;Graduation Research Project;4;نظري;إجبارية القسم
أصول الفقه;Usul al-Fiqh;ماجستير;جديدة;1;40;4;2001715-3;القياس;Analogy (Qiyas);3;نظري;إجبارية القسم
الفقه;Fiqh;ماجستير;جديدة;1;36;1;2001801-2;أصول البحث العلمي;Research Methodology;2;نظري;إجبارية القسم
الفقه;Fiqh;ماجستير;جديدة;1;36;1;2001802-2;الفقه المقارن;Comparative Jurisprudence;2;نظري;إجبارية القسم
الفقه;Fiqh;ماجستير;جديدة;1;36;1;2001803-2;النظريات الفقهية;Jurisprudential Theories;2;نظري;إجبارية القسم
الفقه;Fiqh;ماجستير;جديدة;1;36;1;2001804-2;دراسة تحليلية للمذاهب الفقهية (1);Analytical Studies of Jurisprudence (1);2;نظري;إجبارية القسم
الفقه;Fiqh;ماجستير;جديدة;1;36;2;2001811-2;فقه المآلات;Consequentialist Jurisprudence;2;نظري;إجبارية القسم
الفقه;Fiqh;ماجستير;جديدة;1;36;2;2001812-2;تخريج الفروع على الاصول;Rules of Exegetic Inference;2;نظري;إجبارية القسم
الفقه;Fiqh;ماجستير;جديدة;1;36;2;2001813-2;فقه النوازل (1);Contemporary Issues in Jurisprudence (1);2;نظري;إجبارية القسم
الفقه;Fiqh;ماجستير;جديدة;1;36;2;2001814-2;دراسة تحليلية للمذاهب الفقهية (2);Analytical Studies of Jurisprudence (2);2;نظري;إجبارية القسم
الفقه;Fiqh;ماجستير;جديدة;1;36;3;2001822-2;تطبيقات في القواعد الفقهية;Applications of Jurisprudential Rules;2;نظري;إجبارية القسم
الفقه;Fiqh;ماجستير;جديدة;1;36;3;2001823-2;فقه النوازل (2);Contemporary Issues in Jurisprudence (2);2;نظري;إجبارية القسم
الفقه;Fiqh;ماجستير;جديدة;1;36;3;2001824-2;فقه المعاملات المالية المعاصرة;Jurisprudence of Contemporary Financial Transactions;2;نظري;إجبارية القسم
الفقه;Fiqh;ماجستير;جديدة;1;36;3;2003880-2;الأنظمة العدلية في السعودية;Judicial Systems in Saudi Arabia;2;نظري;إجبارية القسم
الفقه;Fiqh;ماجستير;جديدة;1;36;4;2001831-4;تدريبات منهجية عملية (مصرفية);Practical Training (Banking);4;تدريب;إجبارية القسم
الفقه;Fiqh;ماجستير;جديدة;1;36;4;2001832-4;تدريبات منهجية عملية (قضائية - طبية);Practical Training (Legal & Medical);4;تدريب;إجبارية القسم
الفقه;Fiqh;ماجستير;جديدة;1;36;4;2001833-4;مشروع تخرج بحثي;Graduation Research Project;4;نظري;إجبارية القسم
القانون;Law;ماجستير;جديدة;1;38;1;2003801-2;الاختصاص القضائي وسندات التنفيذ;Jurisdiction and Execution Board;2;نظري;إجبارية القسم
القانون;Law;ماجستير;جديدة;1;38;1;2003802-2;المسئولية المدنية;The Civil Responsibility;2;نظري;إجبارية القسم
القانون;Law;ماجستير;جديدة;1;38;1;2003803-2;أصول البحث القانوني;Legal Research Methodology;2;نظري;إجبارية القسم
القانون;Law;ماجستير;جديدة;1;38;1;2003804-2;تدريبات قانونية ١ (الاختصاص المدني);Legal Exercises 1 (Civil Specialty);2;نظري;إجبارية القسم
القانون;Law;ماجستير;جديدة;1;38;2;2003811-2;فض المنازعات التجارية;Settlement of Commercial Disputes;2;نظري;إجبارية القسم
القانون;Law;ماجستير;جديدة;1;38;2;2003812-2;القواعد القانونية للشركات التجارية;The Legal Rules of Commercial Companies;2;نظري;إجبارية القسم
القانون;Law;ماجستير;جديدة;1;38;2;2003813-2;تدريبات قانونية ٢ (الاختصاص التجاري);Legal Exercises 2 (Commercial Specialty);2;نظري;إجبارية القسم
القانون;Law;ماجستير;جديدة;1;38;2;2003814-2;قانون الإفلاس;Bankruptcy Law;2;نظري;إجبارية القسم
القانون;Law;ماجستير;جديدة;1;38;3;2003821-2;أصول التأديب الإداري وضماناته;Principles of Administrative Discipline and Guarantees;2;نظري;إجبارية القسم
القانون;Law;ماجستير;جديدة;1;38;3;2003822-2;أسس التعاقدات الحكومية;The Foundations of Government Contracts;2;نظري;إجبارية القسم
القانون;Law;ماجستير;جديدة;1;38;3;2003823-2;تدريبات قانونية ٣ (الاختصاص الإداري);Legal Exercises 3 (Administrative Specialty);2;نظري;إجبارية القسم
القانون;Law;ماجستير;جديدة;1;38;4;2003831-2;إجراءات التحقيق الجزائي;The Procedures of Criminal Investigation;2;نظري;إجبارية القسم
القانون;Law;ماجستير;جديدة;1;38;4;2003832-2;المسئولية الجزائية;The Criminal Responsibility;2;نظري;إجبارية القسم
القانون;Law;ماجستير;جديدة;1;38;4;2003833-4;مشروع بحثي;Research Project;4;نظري;إجبارية القسم
القانون;Law;ماجستير;جديدة;1;38;1;2001880-2;أصول الفقه (دلالات الألفاظ);Principles of Fiqh (Semantics);2;نظري;اختيارية القسم
القانون;Law;ماجستير;جديدة;1;38;1;2003805-2;المعاملات العقارية;Real Estate Transactions;2;نظري;اختيارية القسم
القانون;Law;ماجستير;جديدة;1;38;2;2003815-2;قانون التجارة والاستثمار الدولي;The International Trade and Investment Law;2;نظري;اختيارية القسم
القانون;Law;ماجستير;جديدة;1;38;2;2003816-2;الزكاة والقانون الضريبي;Zakat and Tax Law;2;نظري;اختيارية القسم
القانون;Law;ماجستير;جديدة;1;38;3;2001881-2;فقه المعاملات;Jurisprudence of Transactions;2;نظري;اختيارية القسم
القانون;Law;ماجستير;جديدة;1;38;3;2003824-2;نظام المرافعات أمام ديوان المظالم;Procedural Law before the Board of Grievances;2;نظري;اختيارية القسم
العقيدة;Creed;ماجستير;جديدة;1;43;1;2001711-2;التوحيد العلمي;Scientific Monotheism;2;نظري;إجبارية القسم
العقيدة;Creed;ماجستير;جديدة;1;43;1;2001712-3;الأديان;Religions;3;نظري;إجبارية القسم
العقيدة;Creed;ماجستير;جديدة;1;43;1;2001715-2;منهج البحث وتحقيق التراث;Research Methodology and Heritage Verification;2;نظري;إجبارية القسم
العقيدة;Creed;ماجستير;جديدة;1;43;1;2001726-2;دراسة نصية في كتب العقيدة;Textual Study in Creed Books;2;نظري;إجبارية القسم
العقيدة;Creed;ماجستير;جديدة;1;43;1;2001734-2;الأمن الفكري;Intellectual Security;2;نظري;إجبارية القسم
العقيدة;Creed;ماجستير;جديدة;1;43;2;2001714-3;الفرق;Sects;3;نظري;إجبارية القسم
العقيدة;Creed;ماجستير;جديدة;1;43;2;2001717-2;التخريج ودراسة الاسانيد;Verification and Study of Chains;2;نظري;إجبارية القسم
العقيدة;Creed;ماجستير;جديدة;1;43;2;2001721-2;التوحيد العملي;Practical Monotheism;2;نظري;إجبارية القسم
العقيدة;Creed;ماجستير;جديدة;1;43;2;2001725-2;بحث عقدي;Creedal Research;2;نظري;إجبارية القسم
العقيدة;Creed;ماجستير;جديدة;1;43;2;2001731-2;النبوة والمعاد;Prophethood and Eschatology;2;نظري;إجبارية القسم
العقيدة;Creed;ماجستير;جديدة;1;43;3;2001713-3;مذاهب فكرية معاصرة;Contemporary Intellectual Doctrines;3;نظري;إجبارية القسم
العقيدة;Creed;ماجستير;جديدة;1;43;3;2001716-3;مشكل نصوص العقيدة;Problematic Texts of Creed;3;نظري;إجبارية القسم
العقيدة;Creed;ماجستير;جديدة;1;43;3;2001732-3;المنطق القديم عرض ونقد;Classical Logic: Presentation and Critique;3;نظري;إجبارية القسم
العقيدة;Creed;ماجستير;جديدة;1;43;3;2001733-2;الإيمان والقدر;Faith and Predestination;2;نظري;إجبارية القسم
العقيدة;Creed;ماجستير;جديدة;1;43;4;2001741-10;الرسالة;Thesis;10;نظري;إجبارية القسم
الفقه;Fiqh;دكتوراه;جديدة;1;40;1;2001801;التحرير الفقهي;Fiqh Editing;3;نظري;إجبارية القسم
الفقه;Fiqh;دكتوراه;جديدة;1;40;1;2001803;تطبيقات فقهية في الاجتهاد والفتوى;Fiqh Applications in Ijtihad and Fatwa;3;نظري;إجبارية القسم
الفقه;Fiqh;دكتوراه;جديدة;1;40;2;2001802;قضايا فقهية معاصرة;Contemporary Fiqh Issues;3;نظري;إجبارية القسم
الفقه;Fiqh;دكتوراه;جديدة;1;40;2;2001804;متابعة الأبحاث والتحقيقات الفقهية ونقدها;Follow-up and Critique of Fiqh Research;3;نظري;إجبارية القسم
الفقه;Fiqh;دكتوراه;جديدة;1;40;3;PHD-FIQH-EXAM;الاختبار الفقهي الشامل;PhD Comprehensive Exam;0;الاختبار الشامل;إجبارية القسم
الفقه;Fiqh;دكتوراه;جديدة;1;40;4;2001809;الرسالة;Thesis;28;نظري;إجبارية القسم
أصول الفقه;Usul al-Fiqh;دكتوراه;جديدة;1;49;1;2001900;المصطلحات والفروق الأصولية;Usul Terminology and Distinctions;5;نظري;إجبارية القسم
أصول الفقه;Usul al-Fiqh;دكتوراه;جديدة;1;49;1;2001902;دراسة تحليلية أصولية;Analytical Study in Usul;5;نظري;إجبارية القسم
أصول الفقه;Usul al-Fiqh;دكتوراه;جديدة;1;49;2;2001901;دراسات مقاصدية;Maqasid Studies;3;نظري;إجبارية القسم
أصول الفقه;Usul al-Fiqh;دكتوراه;جديدة;1;49;2;2001903;الاجتهاد الاستدلالي والفتوى;Ijtihad, Istidlal and Fatwa;6;نظري;إجبارية القسم
أصول الفقه;Usul al-Fiqh;دكتوراه;جديدة;1;49;3;PHD-USUL-EXAM;الاختبار الشامل;PhD Comprehensive Exam;0;الاختبار الشامل;إجبارية القسم
أصول الفقه;Usul al-Fiqh;دكتوراه;جديدة;1;49;4;THESIS-PHD-USUL;الرسالة;Thesis;30;نظري;إجبارية القسم
القراءات;Qiraat;دكتوراه;جديدة;1;60;1;2002700-4;فرش القراءات العشر الكبرى;Detailed Analysis of Ten Major Readings;4;نظري;إجبارية القسم
القراءات;Qiraat;دكتوراه;جديدة;1;60;1;2002701-4;عرض القراءات العشر الكبرى;Presentation of Ten Major Readings;4;نظري;إجبارية القسم
القراءات;Qiraat;دكتوراه;جديدة;1;60;1;2002702-2;دراسات في القراءات الشاذة وتوجيهها;Studies in Irregular Readings;2;نظري;إجبارية القسم
القراءات;Qiraat;دكتوراه;جديدة;1;60;1;2002703-2;دراسات في طبقات القراء وأسانيدهم;Studies in Levels of Readers;2;نظري;إجبارية القسم
القراءات;Qiraat;دكتوراه;جديدة;1;60;2;20029999-0;الاختبار الشامل;PhD Comprehensive Exam;0;الاختبار الشامل;إجبارية القسم
القراءات;Qiraat;دكتوراه;جديدة;1;60;3;2002704-48;الرسالة;Thesis;48;بحث;إجبارية القسم
